label_name,bbox_x,bbox_y,bbox_width,bbox_height,image_name,image_width,image_height
microwave oven,2,90,311,267,frame_1743592087306603571_jpg.rf.262a1e8aa4ea49712d9c7d245028a168.jpg,640,480
television,440,6,194,264,frame_1743592087306603571_jpg.rf.262a1e8aa4ea49712d9c7d245028a168.jpg,640,480
toilet,460,385,180,95,frame_1743592087306603571_jpg.rf.262a1e8aa4ea49712d9c7d245028a168.jpg,640,480
washing machine,3,365,405,115,frame_1743592087306603571_jpg.rf.262a1e8aa4ea49712d9c7d245028a168.jpg,640,480
refrigerator,2,24,175,290,frame_1743591994109228839_jpg.rf.f85aeb20469374ba9615a248442d4230.jpg,640,480
table,15,318,387,161,frame_1743591994109228839_jpg.rf.f85aeb20469374ba9615a248442d4230.jpg,640,480
human,401,177,141,271,frame_1743591994109228839_jpg.rf.f85aeb20469374ba9615a248442d4230.jpg,640,480
sofa,181,255,376,201,frame_1743591994109228839_jpg.rf.f85aeb20469374ba9615a248442d4230.jpg,640,480
vase,564,286,31,40,frame_1743591994109228839_jpg.rf.f85aeb20469374ba9615a248442d4230.jpg,640,480
table,491,312,149,168,frame_1743591994109228839_jpg.rf.f85aeb20469374ba9615a248442d4230.jpg,640,480
bottled water,610,291,7,39,frame_1743591994109228839_jpg.rf.f85aeb20469374ba9615a248442d4230.jpg,640,480
bottled water,620,291,11,45,frame_1743591994109228839_jpg.rf.f85aeb20469374ba9615a248442d4230.jpg,640,480
bottled water,634,294,6,39,frame_1743591994109228839_jpg.rf.f85aeb20469374ba9615a248442d4230.jpg,640,480
washing basin,42,311,175,169,frame_1743592057950490338_jpg.rf.d7de9fe6baf26cc64dd2375c5fe0c53a.jpg,640,480
washing machine,190,334,450,146,frame_1743592009847364505_jpg.rf.10c47daa6222f066346f9bc2bd41acb6.jpg,640,480
microwave oven,228,120,376,207,frame_1743592009847364505_jpg.rf.10c47daa6222f066346f9bc2bd41acb6.jpg,640,480
television,0,18,280,242,frame_1743592009847364505_jpg.rf.10c47daa6222f066346f9bc2bd41acb6.jpg,640,480
human,263,38,377,406,frame_1743592053871034748_jpg.rf.3ab30f4ce5efaee4295ec69fc3d75d7c.jpg,640,480
washing basin,65,319,145,161,frame_1743592056085681786_jpg.rf.5e3de2bc14d160dc4db650c5c24f7b7e.jpg,640,480
human,5,33,472,447,frame_1743592053003873711_jpg.rf.82bcc6f1b15efa0567275537a2e00035.jpg,640,480
washing machine,424,327,215,153,frame_1743592007848518913_jpg.rf.2ef45bddfdbf71fe17e3ffb14b696844.jpg,640,480
microwave oven,459,126,181,215,frame_1743592007848518913_jpg.rf.2ef45bddfdbf71fe17e3ffb14b696844.jpg,640,480
television,12,0,488,279,frame_1743592007848518913_jpg.rf.2ef45bddfdbf71fe17e3ffb14b696844.jpg,640,480
bed,0,365,444,115,frame_1743592007848518913_jpg.rf.2ef45bddfdbf71fe17e3ffb14b696844.jpg,640,480
washing basin,172,391,293,88,frame_1743592065825005462_jpg.rf.9e7604da4ec49cdc6b3f7b05b31dcb40.jpg,640,480
sofa,74,256,311,170,frame_1743591990905807425_jpg.rf.5ad4181559edfe329889f145690ec0d0.jpg,640,480
vase,414,281,22,32,frame_1743591990905807425_jpg.rf.5ad4181559edfe329889f145690ec0d0.jpg,640,480
table,591,349,49,124,frame_1743591990905807425_jpg.rf.5ad4181559edfe329889f145690ec0d0.jpg,640,480
bottled drinks,496,292,9,32,frame_1743591990905807425_jpg.rf.5ad4181559edfe329889f145690ec0d0.jpg,640,480
bottled drinks,463,300,16,24,frame_1743591990905807425_jpg.rf.5ad4181559edfe329889f145690ec0d0.jpg,640,480
vase,588,287,23,39,frame_1743591990905807425_jpg.rf.5ad4181559edfe329889f145690ec0d0.jpg,640,480
bottled water,477,290,11,33,frame_1743591990905807425_jpg.rf.5ad4181559edfe329889f145690ec0d0.jpg,640,480
bottled drinks,446,287,15,35,frame_1743591990905807425_jpg.rf.5ad4181559edfe329889f145690ec0d0.jpg,640,480
bottled water,462,288,12,11,frame_1743591990905807425_jpg.rf.5ad4181559edfe329889f145690ec0d0.jpg,640,480
pot,507,301,22,19,frame_1743591990905807425_jpg.rf.5ad4181559edfe329889f145690ec0d0.jpg,640,480
bottled drinks,487,303,9,22,frame_1743591990905807425_jpg.rf.5ad4181559edfe329889f145690ec0d0.jpg,640,480
table,2,312,275,168,frame_1743591990905807425_jpg.rf.5ad4181559edfe329889f145690ec0d0.jpg,640,480
human,268,190,121,236,frame_1743591990905807425_jpg.rf.5ad4181559edfe329889f145690ec0d0.jpg,640,480
table,365,301,229,165,frame_1743591990905807425_jpg.rf.5ad4181559edfe329889f145690ec0d0.jpg,640,480
washing basin,61,338,200,141,frame_1743592061076348523_jpg.rf.d4659dff59960b620623c90e6ff4df36.jpg,640,480
television,331,9,184,250,frame_1743592082038039454_jpg.rf.6805c0aa455ec81b067a4b69e2009a4e.jpg,640,480
toilet,317,374,212,105,frame_1743592082038039454_jpg.rf.6805c0aa455ec81b067a4b69e2009a4e.jpg,640,480
microwave oven,0,49,199,323,frame_1743592082038039454_jpg.rf.6805c0aa455ec81b067a4b69e2009a4e.jpg,640,480
washing machine,0,359,305,121,frame_1743592082038039454_jpg.rf.6805c0aa455ec81b067a4b69e2009a4e.jpg,640,480
television,185,1,194,383,frame_1743592077097667517_jpg.rf.f9664a7b1ed016491cada088925accc4.jpg,640,480
toilet,211,391,257,88,frame_1743592077097667517_jpg.rf.f9664a7b1ed016491cada088925accc4.jpg,640,480
table,479,292,161,177,frame_1743591982825684227_jpg.rf.d78bf81c1cee818ddfb7464a63bfa5bb.jpg,640,480
refrigerator,430,116,151,176,frame_1743591982825684227_jpg.rf.d78bf81c1cee818ddfb7464a63bfa5bb.jpg,640,480
chair,436,310,72,169,frame_1743591982825684227_jpg.rf.d78bf81c1cee818ddfb7464a63bfa5bb.jpg,640,480
human,245,102,197,378,frame_1743591982825684227_jpg.rf.d78bf81c1cee818ddfb7464a63bfa5bb.jpg,640,480
bottled drinks,95,265,47,107,frame_1743591982825684227_jpg.rf.d78bf81c1cee818ddfb7464a63bfa5bb.jpg,640,480
bottled water,51,252,44,111,frame_1743591982825684227_jpg.rf.d78bf81c1cee818ddfb7464a63bfa5bb.jpg,640,480
table,0,363,274,117,frame_1743591982825684227_jpg.rf.d78bf81c1cee818ddfb7464a63bfa5bb.jpg,640,480
refrigerator,138,31,234,301,frame_1743592031068899080_jpg.rf.bc0c6e2953d600f7b974c823a0101ac4.jpg,640,480
table,6,330,306,149,frame_1743592031068899080_jpg.rf.bc0c6e2953d600f7b974c823a0101ac4.jpg,640,480
sofa,345,262,295,218,frame_1743592031068899080_jpg.rf.bc0c6e2953d600f7b974c823a0101ac4.jpg,640,480
human,236,190,114,200,frame_1743591990024891726_jpg.rf.062a7e9dd3b0556e0711cbfa9da87796.jpg,640,480
vase,366,279,27,34,frame_1743591990024891726_jpg.rf.062a7e9dd3b0556e0711cbfa9da87796.jpg,640,480
vase,531,288,21,35,frame_1743591990024891726_jpg.rf.062a7e9dd3b0556e0711cbfa9da87796.jpg,640,480
table,2,309,242,170,frame_1743591990024891726_jpg.rf.062a7e9dd3b0556e0711cbfa9da87796.jpg,640,480
table,320,309,250,139,frame_1743591990024891726_jpg.rf.062a7e9dd3b0556e0711cbfa9da87796.jpg,640,480
sofa,40,255,311,153,frame_1743591990024891726_jpg.rf.062a7e9dd3b0556e0711cbfa9da87796.jpg,640,480
bottled drinks,404,296,11,22,frame_1743591990024891726_jpg.rf.062a7e9dd3b0556e0711cbfa9da87796.jpg,640,480
bottled drinks,416,298,14,24,frame_1743591990024891726_jpg.rf.062a7e9dd3b0556e0711cbfa9da87796.jpg,640,480
bottled drinks,439,300,9,20,frame_1743591990024891726_jpg.rf.062a7e9dd3b0556e0711cbfa9da87796.jpg,640,480
bottled drinks,518,288,13,37,frame_1743591990024891726_jpg.rf.062a7e9dd3b0556e0711cbfa9da87796.jpg,640,480
bottled water,429,289,13,30,frame_1743591990024891726_jpg.rf.062a7e9dd3b0556e0711cbfa9da87796.jpg,640,480
bottled water,457,297,19,19,frame_1743591990024891726_jpg.rf.062a7e9dd3b0556e0711cbfa9da87796.jpg,640,480
bottled drinks,447,291,9,29,frame_1743591990024891726_jpg.rf.062a7e9dd3b0556e0711cbfa9da87796.jpg,640,480
bottled water,456,300,7,12,frame_1743591990024891726_jpg.rf.062a7e9dd3b0556e0711cbfa9da87796.jpg,640,480
table,535,338,59,112,frame_1743591990024891726_jpg.rf.062a7e9dd3b0556e0711cbfa9da87796.jpg,640,480
sofa,130,253,510,227,frame_1743592029589625873_jpg.rf.82ce9047cfdf99498ad992f31ef8fbaa.jpg,640,480
refrigerator,0,4,198,389,frame_1743592029589625873_jpg.rf.82ce9047cfdf99498ad992f31ef8fbaa.jpg,640,480
table,253,315,331,165,frame_1743591998577482388_jpg.rf.7cfda5a09453aeaf2deb59b3617a474a.jpg,640,480
vase,316,285,22,45,frame_1743591998577482388_jpg.rf.7cfda5a09453aeaf2deb59b3617a474a.jpg,640,480
vase,540,287,28,55,frame_1743591998577482388_jpg.rf.7cfda5a09453aeaf2deb59b3617a474a.jpg,640,480
human,120,167,160,313,frame_1743591998577482388_jpg.rf.7cfda5a09453aeaf2deb59b3617a474a.jpg,640,480
sofa,0,255,276,202,frame_1743591998577482388_jpg.rf.7cfda5a09453aeaf2deb59b3617a474a.jpg,640,480
bottled water,391,300,18,47,frame_1743591998577482388_jpg.rf.7cfda5a09453aeaf2deb59b3617a474a.jpg,640,480
bottled drinks,428,301,16,43,frame_1743591998577482388_jpg.rf.7cfda5a09453aeaf2deb59b3617a474a.jpg,640,480
bottled drinks,418,317,13,31,frame_1743591998577482388_jpg.rf.7cfda5a09453aeaf2deb59b3617a474a.jpg,640,480
bedside table,600,361,40,118,frame_1743591998577482388_jpg.rf.7cfda5a09453aeaf2deb59b3617a474a.jpg,640,480
bottled water,369,302,15,41,frame_1743591998577482388_jpg.rf.7cfda5a09453aeaf2deb59b3617a474a.jpg,640,480
pot,438,312,27,23,frame_1743591998577482388_jpg.rf.7cfda5a09453aeaf2deb59b3617a474a.jpg,640,480
microwave oven,236,139,257,161,frame_1743592092174004101_jpg.rf.5128a0cb9dd5189d89341efe8540d7c2.jpg,640,480
washing machine,209,280,325,200,frame_1743592092174004101_jpg.rf.5128a0cb9dd5189d89341efe8540d7c2.jpg,640,480
toilet,595,354,45,122,frame_1743592092174004101_jpg.rf.5128a0cb9dd5189d89341efe8540d7c2.jpg,640,480
television,610,0,30,250,frame_1743592092174004101_jpg.rf.5128a0cb9dd5189d89341efe8540d7c2.jpg,640,480
human,465,172,78,113,frame_1743592092174004101_jpg.rf.5128a0cb9dd5189d89341efe8540d7c2.jpg,640,480
human,10,190,110,212,frame_1743592092174004101_jpg.rf.5128a0cb9dd5189d89341efe8540d7c2.jpg,640,480
vase,154,282,26,20,frame_1743592092174004101_jpg.rf.5128a0cb9dd5189d89341efe8540d7c2.jpg,640,480
table,102,294,130,128,frame_1743592092174004101_jpg.rf.5128a0cb9dd5189d89341efe8540d7c2.jpg,640,480
bottled water,182,280,9,29,frame_1743592092174004101_jpg.rf.5128a0cb9dd5189d89341efe8540d7c2.jpg,640,480
bottled water,187,281,9,32,frame_1743592092174004101_jpg.rf.5128a0cb9dd5189d89341efe8540d7c2.jpg,640,480
bottled water,195,279,12,31,frame_1743592092174004101_jpg.rf.5128a0cb9dd5189d89341efe8540d7c2.jpg,640,480
bottled water,209,281,9,28,frame_1743592092174004101_jpg.rf.5128a0cb9dd5189d89341efe8540d7c2.jpg,640,480
bottled drinks,217,289,11,20,frame_1743592092174004101_jpg.rf.5128a0cb9dd5189d89341efe8540d7c2.jpg,640,480
bottled drinks,226,281,8,27,frame_1743592092174004101_jpg.rf.5128a0cb9dd5189d89341efe8540d7c2.jpg,640,480
pot,232,287,32,23,frame_1743592092174004101_jpg.rf.5128a0cb9dd5189d89341efe8540d7c2.jpg,640,480
toilet,322,328,146,152,frame_1743592102386283961_jpg.rf.0f40116314149c3d349217c710b85f60.jpg,640,480
microwave oven,55,167,199,143,frame_1743592102386283961_jpg.rf.0f40116314149c3d349217c710b85f60.jpg,640,480
washing machine,25,299,294,181,frame_1743592102386283961_jpg.rf.0f40116314149c3d349217c710b85f60.jpg,640,480
television,354,0,102,260,frame_1743592102386283961_jpg.rf.0f40116314149c3d349217c710b85f60.jpg,640,480
human,239,184,61,110,frame_1743592102386283961_jpg.rf.0f40116314149c3d349217c710b85f60.jpg,640,480
human,489,122,151,358,frame_1743592003045544998_jpg.rf.429e36473fd9336488049e105da7390e.jpg,640,480
table,0,334,295,146,frame_1743592003045544998_jpg.rf.429e36473fd9336488049e105da7390e.jpg,640,480
vase,229,304,39,47,frame_1743592003045544998_jpg.rf.429e36473fd9336488049e105da7390e.jpg,640,480
bottled drinks,85,342,23,30,frame_1743592003045544998_jpg.rf.429e36473fd9336488049e105da7390e.jpg,640,480
bottled drinks,94,320,27,49,frame_1743592003045544998_jpg.rf.429e36473fd9336488049e105da7390e.jpg,640,480
bottled water,47,314,29,70,frame_1743592003045544998_jpg.rf.429e36473fd9336488049e105da7390e.jpg,640,480
bottled water,18,309,28,77,frame_1743592003045544998_jpg.rf.429e36473fd9336488049e105da7390e.jpg,640,480
bedside table,291,349,154,131,frame_1743592003045544998_jpg.rf.429e36473fd9336488049e105da7390e.jpg,640,480
pot,107,335,51,22,frame_1743592003045544998_jpg.rf.429e36473fd9336488049e105da7390e.jpg,640,480
human,253,110,202,369,frame_1743591974827476752_jpg.rf.cada7017ff47e2954fb0f30a43ba59b5.jpg,640,480
toilet,468,306,81,174,frame_1743591974827476752_jpg.rf.cada7017ff47e2954fb0f30a43ba59b5.jpg,640,480
table,526,286,113,194,frame_1743591974827476752_jpg.rf.cada7017ff47e2954fb0f30a43ba59b5.jpg,640,480
refrigerator,481,104,142,191,frame_1743591974827476752_jpg.rf.cada7017ff47e2954fb0f30a43ba59b5.jpg,640,480
bottled drinks,170,250,36,104,frame_1743591974827476752_jpg.rf.cada7017ff47e2954fb0f30a43ba59b5.jpg,640,480
bottled water,133,251,34,97,frame_1743591974827476752_jpg.rf.cada7017ff47e2954fb0f30a43ba59b5.jpg,640,480
table,0,342,362,137,frame_1743591974827476752_jpg.rf.cada7017ff47e2954fb0f30a43ba59b5.jpg,640,480
human,415,167,147,312,frame_1743591996173240322_jpg.rf.3b05ebfcf155d5472274fe776068ec56.jpg,640,480
sofa,155,260,416,197,frame_1743591996173240322_jpg.rf.3b05ebfcf155d5472274fe776068ec56.jpg,640,480
refrigerator,4,2,152,330,frame_1743591996173240322_jpg.rf.3b05ebfcf155d5472274fe776068ec56.jpg,640,480
table,5,336,418,144,frame_1743591996173240322_jpg.rf.3b05ebfcf155d5472274fe776068ec56.jpg,640,480
table,521,326,119,150,frame_1743591996173240322_jpg.rf.3b05ebfcf155d5472274fe776068ec56.jpg,640,480
vase,591,293,39,40,frame_1743591996173240322_jpg.rf.3b05ebfcf155d5472274fe776068ec56.jpg,640,480
table,516,285,123,164,frame_1743591976424014169_jpg.rf.57d684bdc34456d5b3eb956a0c7f0500.jpg,640,480
bottled drinks,175,259,37,86,frame_1743591976424014169_jpg.rf.57d684bdc34456d5b3eb956a0c7f0500.jpg,640,480
bottled water,135,248,41,91,frame_1743591976424014169_jpg.rf.57d684bdc34456d5b3eb956a0c7f0500.jpg,640,480
chair,476,307,66,169,frame_1743591976424014169_jpg.rf.57d684bdc34456d5b3eb956a0c7f0500.jpg,640,480
human,264,109,152,371,frame_1743591976424014169_jpg.rf.57d684bdc34456d5b3eb956a0c7f0500.jpg,640,480
refrigerator,496,279,0,2,frame_1743591976424014169_jpg.rf.57d684bdc34456d5b3eb956a0c7f0500.jpg,640,480
refrigerator,494,96,140,243,frame_1743591976424014169_jpg.rf.57d684bdc34456d5b3eb956a0c7f0500.jpg,640,480
chair,495,323,58,149,frame_1743591977161430931_jpg.rf.95dcb6f2db194f5740744dfa77858f62.jpg,640,480
human,304,97,172,383,frame_1743591977161430931_jpg.rf.95dcb6f2db194f5740744dfa77858f62.jpg,640,480
bottled drinks,171,259,37,87,frame_1743591977161430931_jpg.rf.95dcb6f2db194f5740744dfa77858f62.jpg,640,480
bottled water,129,248,40,104,frame_1743591977161430931_jpg.rf.95dcb6f2db194f5740744dfa77858f62.jpg,640,480
table,43,350,288,129,frame_1743591977161430931_jpg.rf.95dcb6f2db194f5740744dfa77858f62.jpg,640,480
table,525,277,115,197,frame_1743591977161430931_jpg.rf.95dcb6f2db194f5740744dfa77858f62.jpg,640,480
refrigerator,460,102,162,337,frame_1743591977161430931_jpg.rf.95dcb6f2db194f5740744dfa77858f62.jpg,640,480
vase,461,371,60,81,frame_1743592023927556994_jpg.rf.e886161fe9bda9d88dee40e7b1f62af7.jpg,640,480
bottled water,133,358,31,94,frame_1743592023927556994_jpg.rf.e886161fe9bda9d88dee40e7b1f62af7.jpg,640,480
bottled water,171,360,26,98,frame_1743592023927556994_jpg.rf.e886161fe9bda9d88dee40e7b1f62af7.jpg,640,480
bottled water,205,362,25,93,frame_1743592023927556994_jpg.rf.e886161fe9bda9d88dee40e7b1f62af7.jpg,640,480
bottled drinks,225,392,33,56,frame_1743592023927556994_jpg.rf.e886161fe9bda9d88dee40e7b1f62af7.jpg,640,480
bottled drinks,256,372,23,78,frame_1743592023927556994_jpg.rf.e886161fe9bda9d88dee40e7b1f62af7.jpg,640,480
table,4,394,583,86,frame_1743592023927556994_jpg.rf.e886161fe9bda9d88dee40e7b1f62af7.jpg,640,480
pot,282,361,63,71,frame_1743592023927556994_jpg.rf.e886161fe9bda9d88dee40e7b1f62af7.jpg,640,480
vase,88,336,55,71,frame_1743592023927556994_jpg.rf.e886161fe9bda9d88dee40e7b1f62af7.jpg,640,480
toilet,347,334,142,146,frame_1743592104375032006_jpg.rf.14f43bc0848f9d206da074be45efe21d.jpg,640,480
washing machine,68,297,251,183,frame_1743592104375032006_jpg.rf.14f43bc0848f9d206da074be45efe21d.jpg,640,480
microwave oven,102,181,166,117,frame_1743592104375032006_jpg.rf.14f43bc0848f9d206da074be45efe21d.jpg,640,480
television,375,15,97,253,frame_1743592104375032006_jpg.rf.14f43bc0848f9d206da074be45efe21d.jpg,640,480
microwave oven,325,180,170,118,frame_1743592108243821185_jpg.rf.9b1cd2313b7245409b540d74ce85f3d6.jpg,640,480
washing machine,297,291,234,188,frame_1743592108243821185_jpg.rf.9b1cd2313b7245409b540d74ce85f3d6.jpg,640,480
toilet,579,336,61,143,frame_1743592108243821185_jpg.rf.9b1cd2313b7245409b540d74ce85f3d6.jpg,640,480
human,83,195,96,203,frame_1743592108243821185_jpg.rf.9b1cd2313b7245409b540d74ce85f3d6.jpg,640,480
table,0,307,97,172,frame_1743592108243821185_jpg.rf.9b1cd2313b7245409b540d74ce85f3d6.jpg,640,480
sofa,5,251,180,158,frame_1743592108243821185_jpg.rf.9b1cd2313b7245409b540d74ce85f3d6.jpg,640,480
table,152,305,145,87,frame_1743592108243821185_jpg.rf.9b1cd2313b7245409b540d74ce85f3d6.jpg,640,480
vase,199,281,18,25,frame_1743592108243821185_jpg.rf.9b1cd2313b7245409b540d74ce85f3d6.jpg,640,480
bottled water,225,281,8,29,frame_1743592108243821185_jpg.rf.9b1cd2313b7245409b540d74ce85f3d6.jpg,640,480
bottled water,231,282,8,31,frame_1743592108243821185_jpg.rf.9b1cd2313b7245409b540d74ce85f3d6.jpg,640,480
bottled water,239,286,11,23,frame_1743592108243821185_jpg.rf.9b1cd2313b7245409b540d74ce85f3d6.jpg,640,480
bottled water,249,284,8,29,frame_1743592108243821185_jpg.rf.9b1cd2313b7245409b540d74ce85f3d6.jpg,640,480
bottled drinks,256,291,7,17,frame_1743592108243821185_jpg.rf.9b1cd2313b7245409b540d74ce85f3d6.jpg,640,480
bottled drinks,264,286,8,23,frame_1743592108243821185_jpg.rf.9b1cd2313b7245409b540d74ce85f3d6.jpg,640,480
pot,269,291,21,15,frame_1743592108243821185_jpg.rf.9b1cd2313b7245409b540d74ce85f3d6.jpg,640,480
washing basin,97,271,210,209,frame_1743592061815997665_jpg.rf.ff484ccbd3f2362f88bed32c13e80781.jpg,640,480
human,83,195,93,200,frame_1743592109390424563_jpg.rf.c0814eed5c2834f9a560cf1a53e18fdd.jpg,640,480
microwave oven,318,176,179,123,frame_1743592109390424563_jpg.rf.c0814eed5c2834f9a560cf1a53e18fdd.jpg,640,480
human,473,184,77,145,frame_1743592109390424563_jpg.rf.c0814eed5c2834f9a560cf1a53e18fdd.jpg,640,480
bed,501,229,108,175,frame_1743592109390424563_jpg.rf.c0814eed5c2834f9a560cf1a53e18fdd.jpg,640,480
washing machine,298,297,232,183,frame_1743592109390424563_jpg.rf.c0814eed5c2834f9a560cf1a53e18fdd.jpg,640,480
bottled water,221,280,11,34,frame_1743592109390424563_jpg.rf.c0814eed5c2834f9a560cf1a53e18fdd.jpg,640,480
bottled water,234,284,11,27,frame_1743592109390424563_jpg.rf.c0814eed5c2834f9a560cf1a53e18fdd.jpg,640,480
bottled drinks,252,283,8,30,frame_1743592109390424563_jpg.rf.c0814eed5c2834f9a560cf1a53e18fdd.jpg,640,480
bottled drinks,262,284,10,27,frame_1743592109390424563_jpg.rf.c0814eed5c2834f9a560cf1a53e18fdd.jpg,640,480
toilet,570,330,70,149,frame_1743592109390424563_jpg.rf.c0814eed5c2834f9a560cf1a53e18fdd.jpg,640,480
table,0,309,89,171,frame_1743592109390424563_jpg.rf.c0814eed5c2834f9a560cf1a53e18fdd.jpg,640,480
sofa,0,254,142,152,frame_1743592109390424563_jpg.rf.c0814eed5c2834f9a560cf1a53e18fdd.jpg,640,480
table,152,297,147,110,frame_1743592109390424563_jpg.rf.c0814eed5c2834f9a560cf1a53e18fdd.jpg,640,480
pot,265,289,22,19,frame_1743592109390424563_jpg.rf.c0814eed5c2834f9a560cf1a53e18fdd.jpg,640,480
vase,195,282,26,22,frame_1743592109390424563_jpg.rf.c0814eed5c2834f9a560cf1a53e18fdd.jpg,640,480
table,289,318,350,161,frame_1743592035602098398_jpg.rf.bcccc61f002608ff6fc4fd61582a201c.jpg,640,480
chair,24,314,142,166,frame_1743592035602098398_jpg.rf.bcccc61f002608ff6fc4fd61582a201c.jpg,640,480
chair,234,292,108,110,frame_1743592035602098398_jpg.rf.bcccc61f002608ff6fc4fd61582a201c.jpg,640,480
human,5,148,211,331,frame_1743592035602098398_jpg.rf.bcccc61f002608ff6fc4fd61582a201c.jpg,640,480
human,275,113,200,367,frame_1743591981758742274_jpg.rf.38f0ad9b52a12b71bbb5b1f0533485bd.jpg,640,480
bottled drinks,153,265,41,95,frame_1743591981758742274_jpg.rf.38f0ad9b52a12b71bbb5b1f0533485bd.jpg,640,480
bottled water,115,246,40,105,frame_1743591981758742274_jpg.rf.38f0ad9b52a12b71bbb5b1f0533485bd.jpg,640,480
refrigerator,465,104,170,299,frame_1743591981758742274_jpg.rf.38f0ad9b52a12b71bbb5b1f0533485bd.jpg,640,480
table,506,267,133,212,frame_1743591981758742274_jpg.rf.38f0ad9b52a12b71bbb5b1f0533485bd.jpg,640,480
chair,457,307,88,172,frame_1743591981758742274_jpg.rf.38f0ad9b52a12b71bbb5b1f0533485bd.jpg,640,480
table,3,358,328,122,frame_1743591981758742274_jpg.rf.38f0ad9b52a12b71bbb5b1f0533485bd.jpg,640,480
human,19,180,101,225,frame_1743592097714340165_jpg.rf.66f4c2ea0c5852ea9398c56e8e847d7c.jpg,640,480
human,457,162,80,171,frame_1743592097714340165_jpg.rf.66f4c2ea0c5852ea9398c56e8e847d7c.jpg,640,480
washing machine,207,297,306,182,frame_1743592097714340165_jpg.rf.66f4c2ea0c5852ea9398c56e8e847d7c.jpg,640,480
bed,511,226,116,236,frame_1743592097714340165_jpg.rf.66f4c2ea0c5852ea9398c56e8e847d7c.jpg,640,480
table,100,299,118,110,frame_1743592097714340165_jpg.rf.66f4c2ea0c5852ea9398c56e8e847d7c.jpg,640,480
microwave oven,246,132,231,158,frame_1743592097714340165_jpg.rf.66f4c2ea0c5852ea9398c56e8e847d7c.jpg,640,480
bottled water,181,283,10,29,frame_1743592097714340165_jpg.rf.66f4c2ea0c5852ea9398c56e8e847d7c.jpg,640,480
bottled water,193,282,10,26,frame_1743592097714340165_jpg.rf.66f4c2ea0c5852ea9398c56e8e847d7c.jpg,640,480
bottled water,205,284,6,23,frame_1743592097714340165_jpg.rf.66f4c2ea0c5852ea9398c56e8e847d7c.jpg,640,480
bottled drinks,215,290,7,18,frame_1743592097714340165_jpg.rf.66f4c2ea0c5852ea9398c56e8e847d7c.jpg,640,480
bottled drinks,221,282,9,27,frame_1743592097714340165_jpg.rf.66f4c2ea0c5852ea9398c56e8e847d7c.jpg,640,480
vase,151,271,25,34,frame_1743592097714340165_jpg.rf.66f4c2ea0c5852ea9398c56e8e847d7c.jpg,640,480
washing basin,3,297,164,183,frame_1743592055952045088_jpg.rf.f26c11fc7fc595773518263a1a82e2ad.jpg,640,480
human,203,187,110,218,frame_1743591989305838297_jpg.rf.98d14738edcca69056ca4454df2374fe.jpg,640,480
vase,332,283,26,27,frame_1743591989305838297_jpg.rf.98d14738edcca69056ca4454df2374fe.jpg,640,480
vase,489,287,19,33,frame_1743591989305838297_jpg.rf.98d14738edcca69056ca4454df2374fe.jpg,640,480
table,293,298,240,142,frame_1743591989305838297_jpg.rf.98d14738edcca69056ca4454df2374fe.jpg,640,480
table,6,312,205,168,frame_1743591989305838297_jpg.rf.98d14738edcca69056ca4454df2374fe.jpg,640,480
sofa,8,257,317,161,frame_1743591989305838297_jpg.rf.98d14738edcca69056ca4454df2374fe.jpg,640,480
washing machine,532,301,108,179,frame_1743591989305838297_jpg.rf.98d14738edcca69056ca4454df2374fe.jpg,640,480
bottled water,368,283,8,37,frame_1743591989305838297_jpg.rf.98d14738edcca69056ca4454df2374fe.jpg,640,480
bottled water,381,283,11,35,frame_1743591989305838297_jpg.rf.98d14738edcca69056ca4454df2374fe.jpg,640,480
bottled water,387,285,13,33,frame_1743591989305838297_jpg.rf.98d14738edcca69056ca4454df2374fe.jpg,640,480
bottled water,365,283,7,28,frame_1743591989305838297_jpg.rf.98d14738edcca69056ca4454df2374fe.jpg,640,480
bottled drinks,398,298,11,16,frame_1743591989305838297_jpg.rf.98d14738edcca69056ca4454df2374fe.jpg,640,480
bottled drinks,406,288,13,29,frame_1743591989305838297_jpg.rf.98d14738edcca69056ca4454df2374fe.jpg,640,480
microwave oven,533,135,106,184,frame_1743591989305838297_jpg.rf.98d14738edcca69056ca4454df2374fe.jpg,640,480
toilet,335,329,305,151,frame_1743592011654394934_jpg.rf.96da03539d734300ba3826789f3bd92a.jpg,640,480
television,0,0,424,258,frame_1743592011654394934_jpg.rf.96da03539d734300ba3826789f3bd92a.jpg,640,480
bed,0,376,354,103,frame_1743592011654394934_jpg.rf.96da03539d734300ba3826789f3bd92a.jpg,640,480
microwave oven,371,114,269,218,frame_1743592011654394934_jpg.rf.96da03539d734300ba3826789f3bd92a.jpg,640,480
chair,237,334,253,145,frame_1743592049278089039_jpg.rf.0761f51665abb804c63bbad300b7cbfd.jpg,640,480
sofa,0,272,588,208,frame_1743592028198904384_jpg.rf.f92d910b626dce4926eacf54a4e432a3.jpg,640,480
human,334,151,192,329,frame_1743592028198904384_jpg.rf.f92d910b626dce4926eacf54a4e432a3.jpg,640,480
table,471,400,169,79,frame_1743592028198904384_jpg.rf.f92d910b626dce4926eacf54a4e432a3.jpg,640,480
vase,510,174,130,249,frame_1743592028198904384_jpg.rf.f92d910b626dce4926eacf54a4e432a3.jpg,640,480
human,214,76,315,403,frame_1743592045411156294_jpg.rf.a82694550ceb0b22b6fa0540ccf93811.jpg,640,480
chair,260,378,258,102,frame_1743592045411156294_jpg.rf.a82694550ceb0b22b6fa0540ccf93811.jpg,640,480
washing basin,104,267,201,213,frame_1743592062215630953_jpg.rf.4062b5baeb7c70dd2d5759d2b0db2ad6.jpg,640,480
table,198,287,251,193,frame_1743591986424276437_jpg.rf.93ecfc31fc5edd8cb88050c1c1114e97.jpg,640,480
refrigerator,135,92,144,201,frame_1743591986424276437_jpg.rf.93ecfc31fc5edd8cb88050c1c1114e97.jpg,640,480
human,436,192,111,207,frame_1743591986424276437_jpg.rf.93ecfc31fc5edd8cb88050c1c1114e97.jpg,640,480
human,585,276,22,32,frame_1743591986424276437_jpg.rf.93ecfc31fc5edd8cb88050c1c1114e97.jpg,640,480
chair,152,333,62,147,frame_1743591986424276437_jpg.rf.93ecfc31fc5edd8cb88050c1c1114e97.jpg,640,480
table,510,300,130,128,frame_1743591986424276437_jpg.rf.93ecfc31fc5edd8cb88050c1c1114e97.jpg,640,480
washing basin,206,326,197,154,frame_1743592062744192299_jpg.rf.ef1cf93d429908cc8a39d5c8c3fe0b6a.jpg,640,480
human,158,142,154,331,frame_1743592025727499082_jpg.rf.9b3a43171d9f45d1a8a83d7a28099f03.jpg,640,480
table,251,364,389,116,frame_1743592025727499082_jpg.rf.9b3a43171d9f45d1a8a83d7a28099f03.jpg,640,480
bottled water,428,351,30,97,frame_1743592025727499082_jpg.rf.9b3a43171d9f45d1a8a83d7a28099f03.jpg,640,480
bottled water,452,351,41,99,frame_1743592025727499082_jpg.rf.9b3a43171d9f45d1a8a83d7a28099f03.jpg,640,480
bottled water,486,353,32,100,frame_1743592025727499082_jpg.rf.9b3a43171d9f45d1a8a83d7a28099f03.jpg,640,480
bottled drinks,519,393,24,65,frame_1743592025727499082_jpg.rf.9b3a43171d9f45d1a8a83d7a28099f03.jpg,640,480
bottled drinks,545,371,36,87,frame_1743592025727499082_jpg.rf.9b3a43171d9f45d1a8a83d7a28099f03.jpg,640,480
vase,312,198,172,183,frame_1743592025727499082_jpg.rf.9b3a43171d9f45d1a8a83d7a28099f03.jpg,640,480
sofa,0,267,394,213,frame_1743592025727499082_jpg.rf.9b3a43171d9f45d1a8a83d7a28099f03.jpg,640,480
pot,551,375,89,77,frame_1743592025727499082_jpg.rf.9b3a43171d9f45d1a8a83d7a28099f03.jpg,640,480
television,317,7,188,356,frame_1743592082904473249_jpg.rf.31e68e68ff55fa34ae691db0bafed9f9.jpg,640,480
toilet,333,391,203,87,frame_1743592082904473249_jpg.rf.31e68e68ff55fa34ae691db0bafed9f9.jpg,640,480
microwave oven,0,56,192,322,frame_1743592082904473249_jpg.rf.31e68e68ff55fa34ae691db0bafed9f9.jpg,640,480
vase,216,311,36,79,frame_1743592018324277772_jpg.rf.7bcb83a2246231d95b934636a246dfab.jpg,640,480
refrigerator,286,381,148,98,frame_1743592018324277772_jpg.rf.7bcb83a2246231d95b934636a246dfab.jpg,640,480
human,504,118,136,337,frame_1743592018324277772_jpg.rf.7bcb83a2246231d95b934636a246dfab.jpg,640,480
bed,420,227,220,252,frame_1743592018324277772_jpg.rf.7bcb83a2246231d95b934636a246dfab.jpg,640,480
table,10,384,270,96,frame_1743592018324277772_jpg.rf.7bcb83a2246231d95b934636a246dfab.jpg,640,480
bottled water,20,335,19,71,frame_1743592018324277772_jpg.rf.7bcb83a2246231d95b934636a246dfab.jpg,640,480
bottled water,0,355,21,63,frame_1743592018324277772_jpg.rf.7bcb83a2246231d95b934636a246dfab.jpg,640,480
bottled drinks,36,356,26,43,frame_1743592018324277772_jpg.rf.7bcb83a2246231d95b934636a246dfab.jpg,640,480
bottled drinks,51,340,34,71,frame_1743592018324277772_jpg.rf.7bcb83a2246231d95b934636a246dfab.jpg,640,480
pot,69,342,38,34,frame_1743592018324277772_jpg.rf.7bcb83a2246231d95b934636a246dfab.jpg,640,480
microwave oven,234,142,243,181,frame_1743592092578873882_jpg.rf.5edb08329562c6e7d53a60986feb9085.jpg,640,480
washing machine,209,291,325,188,frame_1743592092578873882_jpg.rf.5edb08329562c6e7d53a60986feb9085.jpg,640,480
human,470,158,87,155,frame_1743592092578873882_jpg.rf.5edb08329562c6e7d53a60986feb9085.jpg,640,480
human,18,182,128,222,frame_1743592092578873882_jpg.rf.5edb08329562c6e7d53a60986feb9085.jpg,640,480
toilet,592,345,47,135,frame_1743592092578873882_jpg.rf.5edb08329562c6e7d53a60986feb9085.jpg,640,480
table,86,305,179,99,frame_1743592092578873882_jpg.rf.5edb08329562c6e7d53a60986feb9085.jpg,640,480
vase,157,279,18,24,frame_1743592092578873882_jpg.rf.5edb08329562c6e7d53a60986feb9085.jpg,640,480
sofa,0,256,127,153,frame_1743592092578873882_jpg.rf.5edb08329562c6e7d53a60986feb9085.jpg,640,480
bottled water,180,281,9,32,frame_1743592092578873882_jpg.rf.5edb08329562c6e7d53a60986feb9085.jpg,640,480
bottled water,187,279,7,34,frame_1743592092578873882_jpg.rf.5edb08329562c6e7d53a60986feb9085.jpg,640,480
bottled water,194,283,15,27,frame_1743592092578873882_jpg.rf.5edb08329562c6e7d53a60986feb9085.jpg,640,480
bottled water,209,282,10,28,frame_1743592092578873882_jpg.rf.5edb08329562c6e7d53a60986feb9085.jpg,640,480
bottled drinks,216,291,11,18,frame_1743592092578873882_jpg.rf.5edb08329562c6e7d53a60986feb9085.jpg,640,480
bottled drinks,223,280,13,27,frame_1743592092578873882_jpg.rf.5edb08329562c6e7d53a60986feb9085.jpg,640,480
vase,235,324,57,70,frame_1743592024862608622_jpg.rf.e8e93b4f0ba14b930fbf8d3248a7f2b3.jpg,640,480
human,5,144,187,336,frame_1743592024862608622_jpg.rf.e8e93b4f0ba14b930fbf8d3248a7f2b3.jpg,640,480
bottled drinks,375,386,28,66,frame_1743592024862608622_jpg.rf.e8e93b4f0ba14b930fbf8d3248a7f2b3.jpg,640,480
bottled drinks,399,363,35,77,frame_1743592024862608622_jpg.rf.e8e93b4f0ba14b930fbf8d3248a7f2b3.jpg,640,480
bottled water,348,351,26,91,frame_1743592024862608622_jpg.rf.e8e93b4f0ba14b930fbf8d3248a7f2b3.jpg,640,480
bottled water,279,347,29,100,frame_1743592024862608622_jpg.rf.e8e93b4f0ba14b930fbf8d3248a7f2b3.jpg,640,480
bottled water,317,357,34,100,frame_1743592024862608622_jpg.rf.e8e93b4f0ba14b930fbf8d3248a7f2b3.jpg,640,480
table,113,374,491,106,frame_1743592024862608622_jpg.rf.e8e93b4f0ba14b930fbf8d3248a7f2b3.jpg,640,480
pot,406,382,92,45,frame_1743592024862608622_jpg.rf.e8e93b4f0ba14b930fbf8d3248a7f2b3.jpg,640,480
refrigerator,97,25,223,313,frame_1743592030333914456_jpg.rf.c37be0453dcc9afde0ee2fa0f191aee6.jpg,640,480
sofa,261,261,379,219,frame_1743592030333914456_jpg.rf.c37be0453dcc9afde0ee2fa0f191aee6.jpg,640,480
table,0,325,247,155,frame_1743592030333914456_jpg.rf.c37be0453dcc9afde0ee2fa0f191aee6.jpg,640,480
microwave oven,203,149,242,163,frame_1743592096781717717_jpg.rf.1d788392fe81eb63a2c0d43b4e73ba68.jpg,640,480
washing machine,193,307,314,172,frame_1743592096781717717_jpg.rf.1d788392fe81eb63a2c0d43b4e73ba68.jpg,640,480
toilet,555,358,84,121,frame_1743592096781717717_jpg.rf.1d788392fe81eb63a2c0d43b4e73ba68.jpg,640,480
television,592,7,48,239,frame_1743592096781717717_jpg.rf.1d788392fe81eb63a2c0d43b4e73ba68.jpg,640,480
vase,128,281,18,26,frame_1743592096781717717_jpg.rf.1d788392fe81eb63a2c0d43b4e73ba68.jpg,640,480
table,61,305,173,116,frame_1743592096781717717_jpg.rf.1d788392fe81eb63a2c0d43b4e73ba68.jpg,640,480
human,0,187,94,223,frame_1743592096781717717_jpg.rf.1d788392fe81eb63a2c0d43b4e73ba68.jpg,640,480
bottled water,149,277,13,36,frame_1743592096781717717_jpg.rf.1d788392fe81eb63a2c0d43b4e73ba68.jpg,640,480
bottled water,157,275,18,40,frame_1743592096781717717_jpg.rf.1d788392fe81eb63a2c0d43b4e73ba68.jpg,640,480
bottled water,176,278,6,32,frame_1743592096781717717_jpg.rf.1d788392fe81eb63a2c0d43b4e73ba68.jpg,640,480
bottled drinks,192,278,9,29,frame_1743592096781717717_jpg.rf.1d788392fe81eb63a2c0d43b4e73ba68.jpg,640,480
bottled drinks,193,393,32,65,frame_1743592023127628063_jpg.rf.9e7fb122285839aa5e4721e9e08e9edd.jpg,640,480
vase,431,340,48,110,frame_1743592023127628063_jpg.rf.9e7fb122285839aa5e4721e9e08e9edd.jpg,640,480
vase,49,324,52,84,frame_1743592023127628063_jpg.rf.9e7fb122285839aa5e4721e9e08e9edd.jpg,640,480
bottled drinks,220,370,23,78,frame_1743592023127628063_jpg.rf.9e7fb122285839aa5e4721e9e08e9edd.jpg,640,480
bottled water,173,365,26,88,frame_1743592023127628063_jpg.rf.9e7fb122285839aa5e4721e9e08e9edd.jpg,640,480
pot,233,373,65,51,frame_1743592023127628063_jpg.rf.9e7fb122285839aa5e4721e9e08e9edd.jpg,640,480
bottled drinks,150,362,24,84,frame_1743592023127628063_jpg.rf.9e7fb122285839aa5e4721e9e08e9edd.jpg,640,480
bottled drinks,94,389,36,68,frame_1743592023127628063_jpg.rf.9e7fb122285839aa5e4721e9e08e9edd.jpg,640,480
bottled drinks,129,394,43,67,frame_1743592023127628063_jpg.rf.9e7fb122285839aa5e4721e9e08e9edd.jpg,640,480
bottled water,104,355,79,40,frame_1743592023127628063_jpg.rf.9e7fb122285839aa5e4721e9e08e9edd.jpg,640,480
human,228,113,249,363,frame_1743591978756363059_jpg.rf.e8be9ab85613b918e7bf5432ad3e51b0.jpg,640,480
refrigerator,487,104,146,296,frame_1743591978756363059_jpg.rf.e8be9ab85613b918e7bf5432ad3e51b0.jpg,640,480
chair,461,313,92,167,frame_1743591978756363059_jpg.rf.e8be9ab85613b918e7bf5432ad3e51b0.jpg,640,480
bottled drinks,169,260,36,87,frame_1743591978756363059_jpg.rf.e8be9ab85613b918e7bf5432ad3e51b0.jpg,640,480
table,7,287,327,193,frame_1743591978756363059_jpg.rf.e8be9ab85613b918e7bf5432ad3e51b0.jpg,640,480
table,520,282,120,195,frame_1743591978756363059_jpg.rf.e8be9ab85613b918e7bf5432ad3e51b0.jpg,640,480
bottled water,135,248,38,98,frame_1743591974892856698_jpg.rf.fe2cb19d88c06920a4de1ead7f2355e4.jpg,640,480
bottled drinks,178,261,31,97,frame_1743591974892856698_jpg.rf.fe2cb19d88c06920a4de1ead7f2355e4.jpg,640,480
human,272,100,205,379,frame_1743591974892856698_jpg.rf.fe2cb19d88c06920a4de1ead7f2355e4.jpg,640,480
refrigerator,492,97,140,337,frame_1743591974892856698_jpg.rf.fe2cb19d88c06920a4de1ead7f2355e4.jpg,640,480
table,515,282,125,198,frame_1743591974892856698_jpg.rf.fe2cb19d88c06920a4de1ead7f2355e4.jpg,640,480
table,4,330,328,149,frame_1743591974892856698_jpg.rf.fe2cb19d88c06920a4de1ead7f2355e4.jpg,640,480
chair,471,313,73,167,frame_1743591974892856698_jpg.rf.fe2cb19d88c06920a4de1ead7f2355e4.jpg,640,480
table,348,283,278,192,frame_1743591985235143071_jpg.rf.47dcaafe220193c1d98b2eb92e5b69eb.jpg,640,480
refrigerator,311,100,139,205,frame_1743591985235143071_jpg.rf.47dcaafe220193c1d98b2eb92e5b69eb.jpg,640,480
sofa,454,249,186,75,frame_1743591985235143071_jpg.rf.47dcaafe220193c1d98b2eb92e5b69eb.jpg,640,480
chair,322,322,67,158,frame_1743591985235143071_jpg.rf.47dcaafe220193c1d98b2eb92e5b69eb.jpg,640,480
chair,235,339,182,140,frame_1743592049340771211_jpg.rf.f8ddf3f33f86fed1b164a4b4655ab0c5.jpg,640,480
human,403,180,113,260,frame_1743591992573523270_jpg.rf.d6f51704537dab0a269af2ab2636cdc2.jpg,640,480
refrigerator,3,53,194,269,frame_1743591992573523270_jpg.rf.d6f51704537dab0a269af2ab2636cdc2.jpg,640,480
table,485,306,155,163,frame_1743591992573523270_jpg.rf.d6f51704537dab0a269af2ab2636cdc2.jpg,640,480
bottled water,586,288,14,41,frame_1743591992573523270_jpg.rf.d6f51704537dab0a269af2ab2636cdc2.jpg,640,480
bottled water,595,292,13,41,frame_1743591992573523270_jpg.rf.d6f51704537dab0a269af2ab2636cdc2.jpg,640,480
bottled water,606,297,22,37,frame_1743591992573523270_jpg.rf.d6f51704537dab0a269af2ab2636cdc2.jpg,640,480
sofa,177,260,369,189,frame_1743591992573523270_jpg.rf.d6f51704537dab0a269af2ab2636cdc2.jpg,640,480
table,30,314,348,166,frame_1743591992573523270_jpg.rf.d6f51704537dab0a269af2ab2636cdc2.jpg,640,480
vase,548,288,26,32,frame_1743591992573523270_jpg.rf.d6f51704537dab0a269af2ab2636cdc2.jpg,640,480
table,404,334,235,145,frame_1743592036939090698_jpg.rf.f0d927580d90d1820517f811b03d5468.jpg,640,480
chair,334,288,132,190,frame_1743592036939090698_jpg.rf.f0d927580d90d1820517f811b03d5468.jpg,640,480
chair,144,304,151,176,frame_1743592036939090698_jpg.rf.f0d927580d90d1820517f811b03d5468.jpg,640,480
human,135,143,195,336,frame_1743592036939090698_jpg.rf.f0d927580d90d1820517f811b03d5468.jpg,640,480
toilet,337,328,135,152,frame_1743592102645834467_jpg.rf.fbef42ff985a7ede66274b75193038cd.jpg,640,480
television,347,29,125,246,frame_1743592102645834467_jpg.rf.fbef42ff985a7ede66274b75193038cd.jpg,640,480
microwave oven,67,167,187,130,frame_1743592102645834467_jpg.rf.fbef42ff985a7ede66274b75193038cd.jpg,640,480
washing machine,14,307,309,172,frame_1743592102645834467_jpg.rf.fbef42ff985a7ede66274b75193038cd.jpg,640,480
human,233,188,76,101,frame_1743592102645834467_jpg.rf.fbef42ff985a7ede66274b75193038cd.jpg,640,480
chair,275,356,166,124,frame_1743592049208037603_jpg.rf.425797859cdf92a1948fc234fd5f37cf.jpg,640,480
human,195,136,310,322,frame_1743592004975268737_jpg.rf.da9cd9b51bb8e80c67306f3383d68bf9.jpg,640,480
television,429,5,211,246,frame_1743592004975268737_jpg.rf.da9cd9b51bb8e80c67306f3383d68bf9.jpg,640,480
bed,124,234,515,246,frame_1743592004975268737_jpg.rf.da9cd9b51bb8e80c67306f3383d68bf9.jpg,640,480
bedside table,6,362,197,118,frame_1743592004975268737_jpg.rf.da9cd9b51bb8e80c67306f3383d68bf9.jpg,640,480
toilet,20,388,256,91,frame_1743592069492933168_jpg.rf.2cd71542158f0a4ae11530558ece2a20.jpg,640,480
television,7,3,211,393,frame_1743592069492933168_jpg.rf.2cd71542158f0a4ae11530558ece2a20.jpg,640,480
chair,534,376,106,104,frame_1743592048081199325_jpg.rf.3b0bbc1218d5a9014584f1dd99540e07.jpg,640,480
human,6,25,391,437,frame_1743592048081199325_jpg.rf.3b0bbc1218d5a9014584f1dd99540e07.jpg,640,480
washing machine,297,291,259,188,frame_1743592113393723367_jpg.rf.e616b73ee5be627b0fde59ceb3c36861.jpg,640,480
microwave oven,321,172,169,143,frame_1743592113393723367_jpg.rf.e616b73ee5be627b0fde59ceb3c36861.jpg,640,480
toilet,561,335,79,145,frame_1743592113393723367_jpg.rf.e616b73ee5be627b0fde59ceb3c36861.jpg,640,480
human,479,185,69,109,frame_1743592113393723367_jpg.rf.e616b73ee5be627b0fde59ceb3c36861.jpg,640,480
human,64,188,106,179,frame_1743592113393723367_jpg.rf.e616b73ee5be627b0fde59ceb3c36861.jpg,640,480
vase,195,280,20,24,frame_1743592113393723367_jpg.rf.e616b73ee5be627b0fde59ceb3c36861.jpg,640,480
sofa,0,245,180,157,frame_1743592113393723367_jpg.rf.e616b73ee5be627b0fde59ceb3c36861.jpg,640,480
table,0,306,106,174,frame_1743592113393723367_jpg.rf.e616b73ee5be627b0fde59ceb3c36861.jpg,640,480
table,148,296,155,105,frame_1743592113393723367_jpg.rf.e616b73ee5be627b0fde59ceb3c36861.jpg,640,480
bottled water,222,284,5,25,frame_1743592113393723367_jpg.rf.e616b73ee5be627b0fde59ceb3c36861.jpg,640,480
bottled water,224,285,11,24,frame_1743592113393723367_jpg.rf.e616b73ee5be627b0fde59ceb3c36861.jpg,640,480
bottled water,234,283,13,27,frame_1743592113393723367_jpg.rf.e616b73ee5be627b0fde59ceb3c36861.jpg,640,480
bottled water,246,282,9,28,frame_1743592113393723367_jpg.rf.e616b73ee5be627b0fde59ceb3c36861.jpg,640,480
bottled drinks,252,289,10,21,frame_1743592113393723367_jpg.rf.e616b73ee5be627b0fde59ceb3c36861.jpg,640,480
bottled drinks,260,285,9,25,frame_1743592113393723367_jpg.rf.e616b73ee5be627b0fde59ceb3c36861.jpg,640,480
pot,266,292,22,12,frame_1743592113393723367_jpg.rf.e616b73ee5be627b0fde59ceb3c36861.jpg,640,480
washing machine,317,316,323,163,frame_1743592011520167596_jpg.rf.046ead8805aaf01f3c649306c9bfb36b.jpg,640,480
washing basin,355,109,285,227,frame_1743592011520167596_jpg.rf.046ead8805aaf01f3c649306c9bfb36b.jpg,640,480
television,0,0,389,265,frame_1743592011520167596_jpg.rf.046ead8805aaf01f3c649306c9bfb36b.jpg,640,480
bed,0,391,318,89,frame_1743592011520167596_jpg.rf.046ead8805aaf01f3c649306c9bfb36b.jpg,640,480
chair,203,301,133,107,frame_1743592035457809752_jpg.rf.9f611771941f8da62952c52230075cd4.jpg,640,480
chair,8,312,154,158,frame_1743592035457809752_jpg.rf.9f611771941f8da62952c52230075cd4.jpg,640,480
human,12,137,168,343,frame_1743592035457809752_jpg.rf.9f611771941f8da62952c52230075cd4.jpg,640,480
table,243,318,397,159,frame_1743592035457809752_jpg.rf.9f611771941f8da62952c52230075cd4.jpg,640,480
table,418,288,221,191,frame_1743591984634627959_jpg.rf.d3ca7f60d55a8af7974f9a608cecc8f8.jpg,640,480
refrigerator,378,107,158,322,frame_1743591984634627959_jpg.rf.d3ca7f60d55a8af7974f9a608cecc8f8.jpg,640,480
chair,385,320,71,159,frame_1743591984634627959_jpg.rf.d3ca7f60d55a8af7974f9a608cecc8f8.jpg,640,480
human,163,94,229,386,frame_1743591984634627959_jpg.rf.d3ca7f60d55a8af7974f9a608cecc8f8.jpg,640,480
bottled drinks,1,253,50,141,frame_1743591984634627959_jpg.rf.d3ca7f60d55a8af7974f9a608cecc8f8.jpg,640,480
table,0,370,249,110,frame_1743591984634627959_jpg.rf.d3ca7f60d55a8af7974f9a608cecc8f8.jpg,640,480
human,395,153,171,307,frame_1743591994841422493_jpg.rf.14f990c7f0b2d1631dbef07fa7395a66.jpg,640,480
vase,579,291,27,35,frame_1743591994841422493_jpg.rf.14f990c7f0b2d1631dbef07fa7395a66.jpg,640,480
sofa,177,243,362,199,frame_1743591994841422493_jpg.rf.14f990c7f0b2d1631dbef07fa7395a66.jpg,640,480
refrigerator,0,20,172,294,frame_1743591994841422493_jpg.rf.14f990c7f0b2d1631dbef07fa7395a66.jpg,640,480
table,18,334,394,146,frame_1743591994841422493_jpg.rf.14f990c7f0b2d1631dbef07fa7395a66.jpg,640,480
table,490,315,150,164,frame_1743591994841422493_jpg.rf.14f990c7f0b2d1631dbef07fa7395a66.jpg,640,480
human,188,155,194,325,frame_1743592038073091819_jpg.rf.fac8c6478221acca556712c8f3ed8a01.jpg,640,480
chair,203,304,157,176,frame_1743592038073091819_jpg.rf.fac8c6478221acca556712c8f3ed8a01.jpg,640,480
chair,386,285,124,61,frame_1743592038073091819_jpg.rf.fac8c6478221acca556712c8f3ed8a01.jpg,640,480
table,426,349,214,131,frame_1743592038073091819_jpg.rf.fac8c6478221acca556712c8f3ed8a01.jpg,640,480
television,103,6,201,261,frame_1743592075364681026_jpg.rf.103823fbfd97d89e8e80b3a323542707.jpg,640,480
toilet,126,398,222,81,frame_1743592075364681026_jpg.rf.103823fbfd97d89e8e80b3a323542707.jpg,640,480
human,202,112,250,367,frame_1743592042062515031_jpg.rf.526e01dba9b7c64ca3ad7a6b9188750e.jpg,640,480
chair,252,323,186,157,frame_1743592042062515031_jpg.rf.526e01dba9b7c64ca3ad7a6b9188750e.jpg,640,480
chair,519,329,121,151,frame_1743592042062515031_jpg.rf.526e01dba9b7c64ca3ad7a6b9188750e.jpg,640,480
human,508,107,130,356,frame_1743592018850797309_jpg.rf.47cc37e0ee94323998741ca970ff3ae5.jpg,640,480
bottled drinks,37,362,26,45,frame_1743592018850797309_jpg.rf.47cc37e0ee94323998741ca970ff3ae5.jpg,640,480
bottled drinks,54,340,23,60,frame_1743592018850797309_jpg.rf.47cc37e0ee94323998741ca970ff3ae5.jpg,640,480
pot,71,340,47,44,frame_1743592018850797309_jpg.rf.47cc37e0ee94323998741ca970ff3ae5.jpg,640,480
bottled water,18,338,20,73,frame_1743592018850797309_jpg.rf.47cc37e0ee94323998741ca970ff3ae5.jpg,640,480
table,298,393,156,86,frame_1743592018850797309_jpg.rf.47cc37e0ee94323998741ca970ff3ae5.jpg,640,480
vase,222,313,32,75,frame_1743592018850797309_jpg.rf.47cc37e0ee94323998741ca970ff3ae5.jpg,640,480
bottled water,1,337,20,38,frame_1743592018850797309_jpg.rf.47cc37e0ee94323998741ca970ff3ae5.jpg,640,480
bottled drinks,56,342,15,21,frame_1743592018850797309_jpg.rf.47cc37e0ee94323998741ca970ff3ae5.jpg,640,480
table,2,373,296,106,frame_1743592018850797309_jpg.rf.47cc37e0ee94323998741ca970ff3ae5.jpg,640,480
bottled drinks,0,364,20,55,frame_1743592018850797309_jpg.rf.47cc37e0ee94323998741ca970ff3ae5.jpg,640,480
bed,423,227,217,253,frame_1743592018850797309_jpg.rf.47cc37e0ee94323998741ca970ff3ae5.jpg,640,480
microwave oven,393,121,247,208,frame_1743592008519337908_jpg.rf.7aa38b976930f54bb886cb41ef42466a.jpg,640,480
washing machine,343,315,297,165,frame_1743592008519337908_jpg.rf.7aa38b976930f54bb886cb41ef42466a.jpg,640,480
television,0,3,420,257,frame_1743592008519337908_jpg.rf.7aa38b976930f54bb886cb41ef42466a.jpg,640,480
bed,3,385,340,95,frame_1743592008519337908_jpg.rf.7aa38b976930f54bb886cb41ef42466a.jpg,640,480
human,545,82,94,382,frame_1743592019379831790_jpg.rf.3e795791bbed374fc053ea25222f6598.jpg,640,480
bed,429,209,211,271,frame_1743592019379831790_jpg.rf.3e795791bbed374fc053ea25222f6598.jpg,640,480
bottled drinks,42,339,24,82,frame_1743592019379831790_jpg.rf.3e795791bbed374fc053ea25222f6598.jpg,640,480
bottled water,0,345,26,82,frame_1743592019379831790_jpg.rf.3e795791bbed374fc053ea25222f6598.jpg,640,480
table,3,384,306,96,frame_1743592019379831790_jpg.rf.3e795791bbed374fc053ea25222f6598.jpg,640,480
vase,227,337,37,52,frame_1743592019379831790_jpg.rf.3e795791bbed374fc053ea25222f6598.jpg,640,480
bedside table,297,403,181,77,frame_1743592019379831790_jpg.rf.3e795791bbed374fc053ea25222f6598.jpg,640,480
pot,58,347,59,47,frame_1743592019379831790_jpg.rf.3e795791bbed374fc053ea25222f6598.jpg,640,480
bed,28,238,611,241,frame_1743592015190357186_jpg.rf.243fe64b88eca0c090617220d266391d.jpg,640,480
television,359,13,280,246,frame_1743592015190357186_jpg.rf.243fe64b88eca0c090617220d266391d.jpg,640,480
human,154,119,156,361,frame_1743592015190357186_jpg.rf.243fe64b88eca0c090617220d266391d.jpg,640,480
toilet,484,326,131,154,frame_1743592107188856174_jpg.rf.369d9551a0802719a0b8db6f13fb04b0.jpg,640,480
washing machine,225,300,214,179,frame_1743592107188856174_jpg.rf.369d9551a0802719a0b8db6f13fb04b0.jpg,640,480
microwave oven,240,191,178,109,frame_1743592107188856174_jpg.rf.369d9551a0802719a0b8db6f13fb04b0.jpg,640,480
table,57,305,153,101,frame_1743592107188856174_jpg.rf.369d9551a0802719a0b8db6f13fb04b0.jpg,640,480
vase,102,279,22,28,frame_1743592107188856174_jpg.rf.369d9551a0802719a0b8db6f13fb04b0.jpg,640,480
human,0,198,69,199,frame_1743592107188856174_jpg.rf.369d9551a0802719a0b8db6f13fb04b0.jpg,640,480
television,524,12,93,246,frame_1743592107188856174_jpg.rf.369d9551a0802719a0b8db6f13fb04b0.jpg,640,480
bottled water,130,281,6,29,frame_1743592107188856174_jpg.rf.369d9551a0802719a0b8db6f13fb04b0.jpg,640,480
bottled water,135,282,7,30,frame_1743592107188856174_jpg.rf.369d9551a0802719a0b8db6f13fb04b0.jpg,640,480
bottled water,144,287,12,28,frame_1743592107188856174_jpg.rf.369d9551a0802719a0b8db6f13fb04b0.jpg,640,480
bottled water,156,288,7,23,frame_1743592107188856174_jpg.rf.369d9551a0802719a0b8db6f13fb04b0.jpg,640,480
bottled water,160,286,7,21,frame_1743592107188856174_jpg.rf.369d9551a0802719a0b8db6f13fb04b0.jpg,640,480
bottled drinks,165,296,8,13,frame_1743592107188856174_jpg.rf.369d9551a0802719a0b8db6f13fb04b0.jpg,640,480
bottled drinks,169,288,10,22,frame_1743592107188856174_jpg.rf.369d9551a0802719a0b8db6f13fb04b0.jpg,640,480
pot,177,295,23,12,frame_1743592107188856174_jpg.rf.369d9551a0802719a0b8db6f13fb04b0.jpg,640,480
microwave oven,297,182,165,127,frame_1743592107776793141_jpg.rf.8dd4587523b9c0b9457fdaf6c2bfbb27.jpg,640,480
washing machine,275,303,233,177,frame_1743592107776793141_jpg.rf.8dd4587523b9c0b9457fdaf6c2bfbb27.jpg,640,480
toilet,548,337,91,141,frame_1743592107776793141_jpg.rf.8dd4587523b9c0b9457fdaf6c2bfbb27.jpg,640,480
vase,157,286,30,26,frame_1743592107776793141_jpg.rf.8dd4587523b9c0b9457fdaf6c2bfbb27.jpg,640,480
human,48,195,84,220,frame_1743592107776793141_jpg.rf.8dd4587523b9c0b9457fdaf6c2bfbb27.jpg,640,480
table,121,300,155,110,frame_1743592107776793141_jpg.rf.8dd4587523b9c0b9457fdaf6c2bfbb27.jpg,640,480
bottled water,187,282,17,28,frame_1743592107776793141_jpg.rf.8dd4587523b9c0b9457fdaf6c2bfbb27.jpg,640,480
bottled water,202,283,14,30,frame_1743592107776793141_jpg.rf.8dd4587523b9c0b9457fdaf6c2bfbb27.jpg,640,480
bottled water,214,280,13,33,frame_1743592107776793141_jpg.rf.8dd4587523b9c0b9457fdaf6c2bfbb27.jpg,640,480
bottled drinks,222,293,8,17,frame_1743592107776793141_jpg.rf.8dd4587523b9c0b9457fdaf6c2bfbb27.jpg,640,480
bottled drinks,230,284,11,27,frame_1743592107776793141_jpg.rf.8dd4587523b9c0b9457fdaf6c2bfbb27.jpg,640,480
pot,238,290,24,19,frame_1743592107776793141_jpg.rf.8dd4587523b9c0b9457fdaf6c2bfbb27.jpg,640,480
table,195,329,445,151,frame_1743592034404507836_jpg.rf.18ef9d0131a4982915e2e4b8ebdb93e4.jpg,640,480
refrigerator,483,29,157,295,frame_1743592034404507836_jpg.rf.18ef9d0131a4982915e2e4b8ebdb93e4.jpg,640,480
chair,95,296,116,165,frame_1743592034404507836_jpg.rf.18ef9d0131a4982915e2e4b8ebdb93e4.jpg,640,480
microwave oven,0,71,292,302,frame_1743592086108793947_jpg.rf.30bfe39c08c142e2208f7a3b6e505edc.jpg,640,480
washing machine,8,353,387,127,frame_1743592086108793947_jpg.rf.30bfe39c08c142e2208f7a3b6e505edc.jpg,640,480
toilet,407,387,233,93,frame_1743592086108793947_jpg.rf.30bfe39c08c142e2208f7a3b6e505edc.jpg,640,480
television,382,0,213,260,frame_1743592086108793947_jpg.rf.30bfe39c08c142e2208f7a3b6e505edc.jpg,640,480
table,57,139,226,318,frame_1743592013988308774_jpg.rf.7bae07530f6b07ea3c19d9ebd8d28953.jpg,640,480
television,286,9,353,253,frame_1743592013988308774_jpg.rf.7bae07530f6b07ea3c19d9ebd8d28953.jpg,640,480
bed,0,227,640,253,frame_1743592013988308774_jpg.rf.7bae07530f6b07ea3c19d9ebd8d28953.jpg,640,480
bottled drinks,236,292,11,19,frame_1743592112860909663_jpg.rf.70513347187e8a1e478e802e89261f79.jpg,640,480
human,71,201,106,174,frame_1743592112860909663_jpg.rf.70513347187e8a1e478e802e89261f79.jpg,640,480
bottled water,247,282,8,27,frame_1743592112860909663_jpg.rf.70513347187e8a1e478e802e89261f79.jpg,640,480
bottled drinks,261,286,7,24,frame_1743592112860909663_jpg.rf.70513347187e8a1e478e802e89261f79.jpg,640,480
human,477,187,66,148,frame_1743592112860909663_jpg.rf.70513347187e8a1e478e802e89261f79.jpg,640,480
pot,268,291,18,16,frame_1743592112860909663_jpg.rf.70513347187e8a1e478e802e89261f79.jpg,640,480
bottled drinks,226,292,10,16,frame_1743592112860909663_jpg.rf.70513347187e8a1e478e802e89261f79.jpg,640,480
table,1,308,94,167,frame_1743592112860909663_jpg.rf.70513347187e8a1e478e802e89261f79.jpg,640,480
microwave oven,324,189,168,116,frame_1743592112860909663_jpg.rf.70513347187e8a1e478e802e89261f79.jpg,640,480
bottled drinks,255,293,6,15,frame_1743592112860909663_jpg.rf.70513347187e8a1e478e802e89261f79.jpg,640,480
bottled water,222,283,4,26,frame_1743592112860909663_jpg.rf.70513347187e8a1e478e802e89261f79.jpg,640,480
vase,197,281,18,23,frame_1743592112860909663_jpg.rf.70513347187e8a1e478e802e89261f79.jpg,640,480
washing machine,302,295,247,185,frame_1743592112860909663_jpg.rf.70513347187e8a1e478e802e89261f79.jpg,640,480
toilet,568,335,71,144,frame_1743592112860909663_jpg.rf.70513347187e8a1e478e802e89261f79.jpg,640,480
bed,528,243,89,166,frame_1743592112860909663_jpg.rf.70513347187e8a1e478e802e89261f79.jpg,640,480
table,150,299,148,102,frame_1743592112860909663_jpg.rf.70513347187e8a1e478e802e89261f79.jpg,640,480
chair,225,398,315,81,frame_1743592046143166520_jpg.rf.3a357358d94f4703714ecaab073c23d1.jpg,640,480
human,226,67,314,413,frame_1743592046143166520_jpg.rf.3a357358d94f4703714ecaab073c23d1.jpg,640,480
microwave oven,254,149,218,158,frame_1743592097850296845_jpg.rf.340ed00f73cc7ce0c9a05ef0e851c661.jpg,640,480
washing machine,235,297,277,183,frame_1743592097850296845_jpg.rf.340ed00f73cc7ce0c9a05ef0e851c661.jpg,640,480
table,105,296,159,128,frame_1743592097850296845_jpg.rf.340ed00f73cc7ce0c9a05ef0e851c661.jpg,640,480
vase,154,273,22,31,frame_1743592097850296845_jpg.rf.340ed00f73cc7ce0c9a05ef0e851c661.jpg,640,480
human,460,166,70,161,frame_1743592097850296845_jpg.rf.340ed00f73cc7ce0c9a05ef0e851c661.jpg,640,480
toilet,563,351,77,128,frame_1743592097850296845_jpg.rf.340ed00f73cc7ce0c9a05ef0e851c661.jpg,640,480
human,22,185,103,219,frame_1743592097850296845_jpg.rf.340ed00f73cc7ce0c9a05ef0e851c661.jpg,640,480
sofa,2,260,139,153,frame_1743592097850296845_jpg.rf.340ed00f73cc7ce0c9a05ef0e851c661.jpg,640,480
vase,185,280,4,27,frame_1743592097850296845_jpg.rf.340ed00f73cc7ce0c9a05ef0e851c661.jpg,640,480
bottled water,186,280,10,28,frame_1743592097850296845_jpg.rf.340ed00f73cc7ce0c9a05ef0e851c661.jpg,640,480
chair,495,323,58,149,frame_1743591977425426099_jpg.rf.069fa330794bfb9a415fc14c3a7988a6.jpg,640,480
human,304,97,172,383,frame_1743591977425426099_jpg.rf.069fa330794bfb9a415fc14c3a7988a6.jpg,640,480
bottled drinks,171,259,37,87,frame_1743591977425426099_jpg.rf.069fa330794bfb9a415fc14c3a7988a6.jpg,640,480
bottled water,129,248,40,104,frame_1743591977425426099_jpg.rf.069fa330794bfb9a415fc14c3a7988a6.jpg,640,480
table,43,350,288,129,frame_1743591977425426099_jpg.rf.069fa330794bfb9a415fc14c3a7988a6.jpg,640,480
table,525,277,115,197,frame_1743591977425426099_jpg.rf.069fa330794bfb9a415fc14c3a7988a6.jpg,640,480
refrigerator,460,102,162,337,frame_1743591977425426099_jpg.rf.069fa330794bfb9a415fc14c3a7988a6.jpg,640,480
microwave oven,206,145,248,163,frame_1743592096844999563_jpg.rf.9faa63e43c45296299c38fa978f5693a.jpg,640,480
washing machine,176,291,330,189,frame_1743592096844999563_jpg.rf.9faa63e43c45296299c38fa978f5693a.jpg,640,480
vase,126,279,22,31,frame_1743592096844999563_jpg.rf.9faa63e43c45296299c38fa978f5693a.jpg,640,480
table,69,299,139,115,frame_1743592096844999563_jpg.rf.9faa63e43c45296299c38fa978f5693a.jpg,640,480
toilet,544,349,95,131,frame_1743592096844999563_jpg.rf.9faa63e43c45296299c38fa978f5693a.jpg,640,480
human,0,185,108,230,frame_1743592096844999563_jpg.rf.9faa63e43c45296299c38fa978f5693a.jpg,640,480
human,434,157,74,165,frame_1743592096844999563_jpg.rf.9faa63e43c45296299c38fa978f5693a.jpg,640,480
bottled water,150,278,10,29,frame_1743592096844999563_jpg.rf.9faa63e43c45296299c38fa978f5693a.jpg,640,480
bottled water,157,279,8,30,frame_1743592096844999563_jpg.rf.9faa63e43c45296299c38fa978f5693a.jpg,640,480
bottled water,165,277,12,33,frame_1743592096844999563_jpg.rf.9faa63e43c45296299c38fa978f5693a.jpg,640,480
bottled water,180,278,6,29,frame_1743592096844999563_jpg.rf.9faa63e43c45296299c38fa978f5693a.jpg,640,480
bottled drinks,188,290,8,17,frame_1743592096844999563_jpg.rf.9faa63e43c45296299c38fa978f5693a.jpg,640,480
bottled drinks,197,280,12,31,frame_1743592096844999563_jpg.rf.9faa63e43c45296299c38fa978f5693a.jpg,640,480
pot,202,288,42,17,frame_1743592096844999563_jpg.rf.9faa63e43c45296299c38fa978f5693a.jpg,640,480
washing basin,68,317,133,163,frame_1743592056139612539_jpg.rf.de0488db6038ea57a4642541daa07f6b.jpg,640,480
microwave oven,91,182,178,119,frame_1743592104240943380_jpg.rf.f9c2a11ef7f4d6d991f1c5bc5bb048ae.jpg,640,480
washing machine,65,301,259,179,frame_1743592104240943380_jpg.rf.f9c2a11ef7f4d6d991f1c5bc5bb048ae.jpg,640,480
toilet,345,318,132,161,frame_1743592104240943380_jpg.rf.f9c2a11ef7f4d6d991f1c5bc5bb048ae.jpg,640,480
television,368,22,107,243,frame_1743592104240943380_jpg.rf.f9c2a11ef7f4d6d991f1c5bc5bb048ae.jpg,640,480
table,0,318,64,100,frame_1743592104240943380_jpg.rf.f9c2a11ef7f4d6d991f1c5bc5bb048ae.jpg,640,480
vase,213,313,47,74,frame_1743592018657004574_jpg.rf.0334337411f6ea58f4380c255bff477a.jpg,640,480
bedside table,288,380,161,99,frame_1743592018657004574_jpg.rf.0334337411f6ea58f4380c255bff477a.jpg,640,480
human,519,99,121,360,frame_1743592018657004574_jpg.rf.0334337411f6ea58f4380c255bff477a.jpg,640,480
bottled drinks,45,362,27,40,frame_1743592018657004574_jpg.rf.0334337411f6ea58f4380c255bff477a.jpg,640,480
bottled drinks,59,340,28,56,frame_1743592018657004574_jpg.rf.0334337411f6ea58f4380c255bff477a.jpg,640,480
bottled water,3,333,21,81,frame_1743592018657004574_jpg.rf.0334337411f6ea58f4380c255bff477a.jpg,640,480
bottled water,28,329,21,76,frame_1743592018657004574_jpg.rf.0334337411f6ea58f4380c255bff477a.jpg,640,480
table,0,384,307,96,frame_1743592018657004574_jpg.rf.0334337411f6ea58f4380c255bff477a.jpg,640,480
pot,81,342,51,37,frame_1743592018657004574_jpg.rf.0334337411f6ea58f4380c255bff477a.jpg,640,480
vase,154,280,24,25,frame_1743592098242323820_jpg.rf.71a08f6d3a97392e6c11e29ba3aa1648.jpg,640,480
human,33,182,94,184,frame_1743592098242323820_jpg.rf.71a08f6d3a97392e6c11e29ba3aa1648.jpg,640,480
microwave oven,243,157,223,151,frame_1743592098242323820_jpg.rf.71a08f6d3a97392e6c11e29ba3aa1648.jpg,640,480
washing machine,226,297,284,183,frame_1743592098242323820_jpg.rf.71a08f6d3a97392e6c11e29ba3aa1648.jpg,640,480
human,473,177,76,128,frame_1743592098242323820_jpg.rf.71a08f6d3a97392e6c11e29ba3aa1648.jpg,640,480
bed,505,218,118,213,frame_1743592098242323820_jpg.rf.71a08f6d3a97392e6c11e29ba3aa1648.jpg,640,480
toilet,567,345,73,135,frame_1743592098242323820_jpg.rf.71a08f6d3a97392e6c11e29ba3aa1648.jpg,640,480
table,107,297,157,110,frame_1743592098242323820_jpg.rf.71a08f6d3a97392e6c11e29ba3aa1648.jpg,640,480
bottled water,195,277,20,32,frame_1743592098242323820_jpg.rf.71a08f6d3a97392e6c11e29ba3aa1648.jpg,640,480
bottled water,182,275,12,37,frame_1743592098242323820_jpg.rf.71a08f6d3a97392e6c11e29ba3aa1648.jpg,640,480
bottled drinks,225,282,11,33,frame_1743592098242323820_jpg.rf.71a08f6d3a97392e6c11e29ba3aa1648.jpg,640,480
sofa,170,261,394,186,frame_1743591996041921550_jpg.rf.bdcd1e8b672f9b9abcdf4693572dec5b.jpg,640,480
human,406,171,157,308,frame_1743591996041921550_jpg.rf.bdcd1e8b672f9b9abcdf4693572dec5b.jpg,640,480
vase,592,297,29,36,frame_1743591996041921550_jpg.rf.bdcd1e8b672f9b9abcdf4693572dec5b.jpg,640,480
table,526,324,113,156,frame_1743591996041921550_jpg.rf.bdcd1e8b672f9b9abcdf4693572dec5b.jpg,640,480
table,5,338,371,141,frame_1743591996041921550_jpg.rf.bdcd1e8b672f9b9abcdf4693572dec5b.jpg,640,480
refrigerator,2,2,166,317,frame_1743591996041921550_jpg.rf.bdcd1e8b672f9b9abcdf4693572dec5b.jpg,640,480
human,220,166,168,301,frame_1743591997840667131_jpg.rf.d65effaa8ff2a937ccc4fdc591758a62.jpg,640,480
vase,407,290,28,37,frame_1743591997840667131_jpg.rf.d65effaa8ff2a937ccc4fdc591758a62.jpg,640,480
table,342,321,297,159,frame_1743591997840667131_jpg.rf.d65effaa8ff2a937ccc4fdc591758a62.jpg,640,480
bottled water,465,295,18,56,frame_1743591997840667131_jpg.rf.d65effaa8ff2a937ccc4fdc591758a62.jpg,640,480
bottled water,481,299,25,54,frame_1743591997840667131_jpg.rf.d65effaa8ff2a937ccc4fdc591758a62.jpg,640,480
bottled drinks,511,327,21,23,frame_1743591997840667131_jpg.rf.d65effaa8ff2a937ccc4fdc591758a62.jpg,640,480
bottled drinks,525,304,18,44,frame_1743591997840667131_jpg.rf.d65effaa8ff2a937ccc4fdc591758a62.jpg,640,480
sofa,3,272,395,184,frame_1743591997840667131_jpg.rf.d65effaa8ff2a937ccc4fdc591758a62.jpg,640,480
table,0,379,246,101,frame_1743591997840667131_jpg.rf.d65effaa8ff2a937ccc4fdc591758a62.jpg,640,480
pot,534,308,46,33,frame_1743591997840667131_jpg.rf.d65effaa8ff2a937ccc4fdc591758a62.jpg,640,480
vase,229,325,53,79,frame_1743592020046763133_jpg.rf.9fe554aada95082d460cda35a7025439.jpg,640,480
bottled drinks,117,337,125,127,frame_1743592020046763133_jpg.rf.9fe554aada95082d460cda35a7025439.jpg,640,480
bedside table,317,420,164,59,frame_1743592020046763133_jpg.rf.9fe554aada95082d460cda35a7025439.jpg,640,480
table,5,408,322,71,frame_1743592020046763133_jpg.rf.9fe554aada95082d460cda35a7025439.jpg,640,480
bottled drinks,20,384,30,53,frame_1743592020046763133_jpg.rf.9fe554aada95082d460cda35a7025439.jpg,640,480
bottled drinks,38,363,26,69,frame_1743592020046763133_jpg.rf.9fe554aada95082d460cda35a7025439.jpg,640,480
pot,46,362,75,43,frame_1743592020046763133_jpg.rf.9fe554aada95082d460cda35a7025439.jpg,640,480
microwave oven,258,118,381,202,frame_1743592009583470084_jpg.rf.19c31d95e610a217d8008ae437bc410d.jpg,640,480
washing machine,221,314,419,166,frame_1743592009583470084_jpg.rf.19c31d95e610a217d8008ae437bc410d.jpg,640,480
television,0,0,298,257,frame_1743592009583470084_jpg.rf.19c31d95e610a217d8008ae437bc410d.jpg,640,480
bed,7,414,194,66,frame_1743592009583470084_jpg.rf.19c31d95e610a217d8008ae437bc410d.jpg,640,480
bed,399,219,241,261,frame_1743592003113017570_jpg.rf.9ff3551a972ea408b0cd470e3fdd3a8f.jpg,640,480
human,472,136,168,344,frame_1743592003113017570_jpg.rf.9ff3551a972ea408b0cd470e3fdd3a8f.jpg,640,480
vase,215,296,47,64,frame_1743592003113017570_jpg.rf.9ff3551a972ea408b0cd470e3fdd3a8f.jpg,640,480
table,0,354,297,126,frame_1743592003113017570_jpg.rf.9ff3551a972ea408b0cd470e3fdd3a8f.jpg,640,480
bottled water,39,314,28,67,frame_1743592003113017570_jpg.rf.9ff3551a972ea408b0cd470e3fdd3a8f.jpg,640,480
bottled water,5,316,30,66,frame_1743592003113017570_jpg.rf.9ff3551a972ea408b0cd470e3fdd3a8f.jpg,640,480
bottled drinks,72,339,25,37,frame_1743592003113017570_jpg.rf.9ff3551a972ea408b0cd470e3fdd3a8f.jpg,640,480
bottled drinks,89,323,15,44,frame_1743592003113017570_jpg.rf.9ff3551a972ea408b0cd470e3fdd3a8f.jpg,640,480
bedside table,286,358,150,121,frame_1743592003113017570_jpg.rf.9ff3551a972ea408b0cd470e3fdd3a8f.jpg,640,480
pot,88,323,47,34,frame_1743592003113017570_jpg.rf.9ff3551a972ea408b0cd470e3fdd3a8f.jpg,640,480
human,403,170,149,286,frame_1743591995109335334_jpg.rf.56d73e57bc488717b86cccfb76c5fb98.jpg,640,480
table,3,324,410,156,frame_1743591995109335334_jpg.rf.56d73e57bc488717b86cccfb76c5fb98.jpg,640,480
sofa,171,256,399,205,frame_1743591995109335334_jpg.rf.56d73e57bc488717b86cccfb76c5fb98.jpg,640,480
table,511,317,129,155,frame_1743591995109335334_jpg.rf.56d73e57bc488717b86cccfb76c5fb98.jpg,640,480
refrigerator,0,13,175,319,frame_1743591995109335334_jpg.rf.56d73e57bc488717b86cccfb76c5fb98.jpg,640,480
vase,578,293,30,37,frame_1743591995109335334_jpg.rf.56d73e57bc488717b86cccfb76c5fb98.jpg,640,480
sofa,235,247,266,146,frame_1743591986757487848_jpg.rf.7cf9169ebe8f1b82ffaf68f3273d8d03.jpg,640,480
vase,523,268,21,35,frame_1743591986757487848_jpg.rf.7cf9169ebe8f1b82ffaf68f3273d8d03.jpg,640,480
table,101,291,299,189,frame_1743591986757487848_jpg.rf.7cf9169ebe8f1b82ffaf68f3273d8d03.jpg,640,480
bottled drinks,552,288,19,24,frame_1743591986757487848_jpg.rf.7cf9169ebe8f1b82ffaf68f3273d8d03.jpg,640,480
bottled drinks,573,290,16,24,frame_1743591986757487848_jpg.rf.7cf9169ebe8f1b82ffaf68f3273d8d03.jpg,640,480
pot,606,293,29,19,frame_1743591986757487848_jpg.rf.7cf9169ebe8f1b82ffaf68f3273d8d03.jpg,640,480
bottled water,584,283,16,28,frame_1743591986757487848_jpg.rf.7cf9169ebe8f1b82ffaf68f3273d8d03.jpg,640,480
bottled drinks,594,294,13,19,frame_1743591986757487848_jpg.rf.7cf9169ebe8f1b82ffaf68f3273d8d03.jpg,640,480
table,472,298,168,142,frame_1743591986757487848_jpg.rf.7cf9169ebe8f1b82ffaf68f3273d8d03.jpg,640,480
refrigerator,79,94,154,239,frame_1743591986757487848_jpg.rf.7cf9169ebe8f1b82ffaf68f3273d8d03.jpg,640,480
human,394,184,106,199,frame_1743591986757487848_jpg.rf.7cf9169ebe8f1b82ffaf68f3273d8d03.jpg,640,480
bottled drinks,602,284,11,27,frame_1743591986757487848_jpg.rf.7cf9169ebe8f1b82ffaf68f3273d8d03.jpg,640,480
microwave oven,236,139,257,161,frame_1743592093044000759_jpg.rf.16216152ec128ed5f2c150e53bcb1d87.jpg,640,480
washing machine,209,280,325,200,frame_1743592093044000759_jpg.rf.16216152ec128ed5f2c150e53bcb1d87.jpg,640,480
toilet,595,354,45,122,frame_1743592093044000759_jpg.rf.16216152ec128ed5f2c150e53bcb1d87.jpg,640,480
television,610,0,30,250,frame_1743592093044000759_jpg.rf.16216152ec128ed5f2c150e53bcb1d87.jpg,640,480
human,465,172,78,113,frame_1743592093044000759_jpg.rf.16216152ec128ed5f2c150e53bcb1d87.jpg,640,480
human,10,190,110,212,frame_1743592093044000759_jpg.rf.16216152ec128ed5f2c150e53bcb1d87.jpg,640,480
vase,154,282,26,20,frame_1743592093044000759_jpg.rf.16216152ec128ed5f2c150e53bcb1d87.jpg,640,480
table,102,294,130,128,frame_1743592093044000759_jpg.rf.16216152ec128ed5f2c150e53bcb1d87.jpg,640,480
bottled water,182,280,9,29,frame_1743592093044000759_jpg.rf.16216152ec128ed5f2c150e53bcb1d87.jpg,640,480
bottled water,187,281,9,32,frame_1743592093044000759_jpg.rf.16216152ec128ed5f2c150e53bcb1d87.jpg,640,480
bottled water,195,279,12,31,frame_1743592093044000759_jpg.rf.16216152ec128ed5f2c150e53bcb1d87.jpg,640,480
bottled water,209,281,9,28,frame_1743592093044000759_jpg.rf.16216152ec128ed5f2c150e53bcb1d87.jpg,640,480
bottled drinks,217,289,11,20,frame_1743592093044000759_jpg.rf.16216152ec128ed5f2c150e53bcb1d87.jpg,640,480
bottled drinks,226,281,8,27,frame_1743592093044000759_jpg.rf.16216152ec128ed5f2c150e53bcb1d87.jpg,640,480
pot,232,287,32,23,frame_1743592093044000759_jpg.rf.16216152ec128ed5f2c150e53bcb1d87.jpg,640,480
sofa,20,259,310,171,frame_1743591989830698024_jpg.rf.a495613bc84f387c97d9965c16951aea.jpg,640,480
human,226,179,105,235,frame_1743591989830698024_jpg.rf.a495613bc84f387c97d9965c16951aea.jpg,640,480
human,350,285,29,25,frame_1743591989830698024_jpg.rf.a495613bc84f387c97d9965c16951aea.jpg,640,480
table,1,301,231,178,frame_1743591989830698024_jpg.rf.a495613bc84f387c97d9965c16951aea.jpg,640,480
table,318,305,219,130,frame_1743591989830698024_jpg.rf.a495613bc84f387c97d9965c16951aea.jpg,640,480
bottled water,387,287,12,33,frame_1743591989830698024_jpg.rf.a495613bc84f387c97d9965c16951aea.jpg,640,480
bottled water,397,286,16,33,frame_1743591989830698024_jpg.rf.a495613bc84f387c97d9965c16951aea.jpg,640,480
bottled water,415,287,9,32,frame_1743591989830698024_jpg.rf.a495613bc84f387c97d9965c16951aea.jpg,640,480
bottled drinks,422,288,12,32,frame_1743591989830698024_jpg.rf.a495613bc84f387c97d9965c16951aea.jpg,640,480
bottled drinks,431,290,11,27,frame_1743591989830698024_jpg.rf.a495613bc84f387c97d9965c16951aea.jpg,640,480
vase,512,284,25,38,frame_1743591989830698024_jpg.rf.a495613bc84f387c97d9965c16951aea.jpg,640,480
human,249,149,197,331,frame_1743592041072509672_jpg.rf.ea6d2941bd5264b5418ab842165132f1.jpg,640,480
chair,261,318,169,161,frame_1743592041072509672_jpg.rf.ea6d2941bd5264b5418ab842165132f1.jpg,640,480
chair,481,302,145,178,frame_1743592041072509672_jpg.rf.ea6d2941bd5264b5418ab842165132f1.jpg,640,480
table,548,393,88,87,frame_1743592041072509672_jpg.rf.ea6d2941bd5264b5418ab842165132f1.jpg,640,480
table,166,287,251,192,frame_1743591986563127880_jpg.rf.6acf0914f79aa5a74ec2cb8c1f345331.jpg,640,480
refrigerator,108,100,170,189,frame_1743591986563127880_jpg.rf.6acf0914f79aa5a74ec2cb8c1f345331.jpg,640,480
human,430,186,110,233,frame_1743591986563127880_jpg.rf.6acf0914f79aa5a74ec2cb8c1f345331.jpg,640,480
sofa,272,247,274,143,frame_1743591986563127880_jpg.rf.6acf0914f79aa5a74ec2cb8c1f345331.jpg,640,480
vase,553,276,34,31,frame_1743591986563127880_jpg.rf.6acf0914f79aa5a74ec2cb8c1f345331.jpg,640,480
table,510,293,130,148,frame_1743591986563127880_jpg.rf.6acf0914f79aa5a74ec2cb8c1f345331.jpg,640,480
chair,137,337,87,143,frame_1743591986563127880_jpg.rf.6acf0914f79aa5a74ec2cb8c1f345331.jpg,640,480
sofa,28,268,594,211,frame_1743592028666748126_jpg.rf.8bd29f9033b5ed483fa290e4e8c342e2.jpg,640,480
human,430,126,157,347,frame_1743592028666748126_jpg.rf.8bd29f9033b5ed483fa290e4e8c342e2.jpg,640,480
bedside table,391,347,137,132,frame_1743592000232339824_jpg.rf.62f0e6ed218828a452b19f2a642592dd.jpg,640,480
human,554,134,85,277,frame_1743592000232339824_jpg.rf.62f0e6ed218828a452b19f2a642592dd.jpg,640,480
bed,474,220,166,259,frame_1743592000232339824_jpg.rf.62f0e6ed218828a452b19f2a642592dd.jpg,640,480
table,35,343,346,137,frame_1743592000232339824_jpg.rf.62f0e6ed218828a452b19f2a642592dd.jpg,640,480
vase,342,302,25,42,frame_1743592000232339824_jpg.rf.62f0e6ed218828a452b19f2a642592dd.jpg,640,480
vase,100,302,40,45,frame_1743592000232339824_jpg.rf.62f0e6ed218828a452b19f2a642592dd.jpg,640,480
bottled water,169,303,20,50,frame_1743592000232339824_jpg.rf.62f0e6ed218828a452b19f2a642592dd.jpg,640,480
bottled water,191,305,26,46,frame_1743592000232339824_jpg.rf.62f0e6ed218828a452b19f2a642592dd.jpg,640,480
bottled drinks,225,306,20,41,frame_1743592000232339824_jpg.rf.62f0e6ed218828a452b19f2a642592dd.jpg,640,480
pot,241,315,30,27,frame_1743592000232339824_jpg.rf.62f0e6ed218828a452b19f2a642592dd.jpg,640,480
washing basin,46,317,192,163,frame_1743592060954072514_jpg.rf.d24cdec1a1d2f7ed4edf6812b212a3eb.jpg,640,480
sofa,21,255,294,157,frame_1743591988503833272_jpg.rf.516576691115c24c99aa4bd05b381092.jpg,640,480
bottled drinks,408,287,8,26,frame_1743591988503833272_jpg.rf.516576691115c24c99aa4bd05b381092.jpg,640,480
pot,414,293,21,18,frame_1743591988503833272_jpg.rf.516576691115c24c99aa4bd05b381092.jpg,640,480
vase,337,273,18,33,frame_1743591988503833272_jpg.rf.516576691115c24c99aa4bd05b381092.jpg,640,480
bottled drinks,400,294,8,20,frame_1743591988503833272_jpg.rf.516576691115c24c99aa4bd05b381092.jpg,640,480
bottled drinks,368,292,10,21,frame_1743591988503833272_jpg.rf.516576691115c24c99aa4bd05b381092.jpg,640,480
vase,483,284,19,32,frame_1743591988503833272_jpg.rf.516576691115c24c99aa4bd05b381092.jpg,640,480
bottled water,377,282,7,11,frame_1743591988503833272_jpg.rf.516576691115c24c99aa4bd05b381092.jpg,640,480
bottled water,384,283,9,10,frame_1743591988503833272_jpg.rf.516576691115c24c99aa4bd05b381092.jpg,640,480
table,484,344,12,70,frame_1743591988503833272_jpg.rf.516576691115c24c99aa4bd05b381092.jpg,640,480
bottled drinks,378,293,14,21,frame_1743591988503833272_jpg.rf.516576691115c24c99aa4bd05b381092.jpg,640,480
table,0,304,211,175,frame_1743591988503833272_jpg.rf.516576691115c24c99aa4bd05b381092.jpg,640,480
table,290,300,204,127,frame_1743591988503833272_jpg.rf.516576691115c24c99aa4bd05b381092.jpg,640,480
human,13,129,333,345,frame_1743592013850239793_jpg.rf.c54a7a67de5a484b73707192874dc565.jpg,640,480
table,1,229,635,251,frame_1743592013850239793_jpg.rf.c54a7a67de5a484b73707192874dc565.jpg,640,480
television,261,4,378,387,frame_1743592013850239793_jpg.rf.c54a7a67de5a484b73707192874dc565.jpg,640,480
washing basin,87,315,176,165,frame_1743592057687052896_jpg.rf.b23597527e5c82b38f4f37438e160135.jpg,640,480
table,502,343,138,137,frame_1743592039460707317_jpg.rf.059d9ab7f2ee1272b96f7e650271a4ec.jpg,640,480
chair,255,304,125,176,frame_1743592039460707317_jpg.rf.059d9ab7f2ee1272b96f7e650271a4ec.jpg,640,480
chair,440,303,135,82,frame_1743592039460707317_jpg.rf.059d9ab7f2ee1272b96f7e650271a4ec.jpg,640,480
human,245,147,174,325,frame_1743592039460707317_jpg.rf.059d9ab7f2ee1272b96f7e650271a4ec.jpg,640,480
human,259,118,220,362,frame_1743591980830471595_jpg.rf.1d7b84d30073d6507861c354a277b475.jpg,640,480
bottled drinks,154,258,37,94,frame_1743591980830471595_jpg.rf.1d7b84d30073d6507861c354a277b475.jpg,640,480
chair,459,310,84,170,frame_1743591980830471595_jpg.rf.1d7b84d30073d6507861c354a277b475.jpg,640,480
table,504,283,136,197,frame_1743591980830471595_jpg.rf.1d7b84d30073d6507861c354a277b475.jpg,640,480
refrigerator,479,108,144,283,frame_1743591980830471595_jpg.rf.1d7b84d30073d6507861c354a277b475.jpg,640,480
microwave oven,25,158,222,147,frame_1743592101653087275_jpg.rf.33862c97de77e7457f36600e4cbd50e8.jpg,640,480
washing machine,12,297,276,182,frame_1743592101653087275_jpg.rf.33862c97de77e7457f36600e4cbd50e8.jpg,640,480
toilet,334,331,132,148,frame_1743592101653087275_jpg.rf.33862c97de77e7457f36600e4cbd50e8.jpg,640,480
television,357,11,94,260,frame_1743592101653087275_jpg.rf.33862c97de77e7457f36600e4cbd50e8.jpg,640,480
human,243,181,56,130,frame_1743592101653087275_jpg.rf.33862c97de77e7457f36600e4cbd50e8.jpg,640,480
television,59,0,218,279,frame_1743592071763077351_jpg.rf.b2100255d87bbb6bd1603a3127255dce.jpg,640,480
toilet,68,398,261,81,frame_1743592071763077351_jpg.rf.b2100255d87bbb6bd1603a3127255dce.jpg,640,480
human,109,144,290,316,frame_1743592005715326316_jpg.rf.a01b587d19b639d860f0cc9a6e59d66e.jpg,640,480
bed,10,221,630,259,frame_1743592005715326316_jpg.rf.a01b587d19b639d860f0cc9a6e59d66e.jpg,640,480
television,328,5,311,301,frame_1743592005715326316_jpg.rf.a01b587d19b639d860f0cc9a6e59d66e.jpg,640,480
television,325,258,22,47,frame_1743592005715326316_jpg.rf.a01b587d19b639d860f0cc9a6e59d66e.jpg,640,480
microwave oven,194,149,257,161,frame_1743592096915361781_jpg.rf.e3a7597a00735c33209fcd5a6b6ca3fd.jpg,640,480
washing machine,193,280,325,200,frame_1743592096915361781_jpg.rf.e3a7597a00735c33209fcd5a6b6ca3fd.jpg,640,480
toilet,547,350,92,129,frame_1743592096915361781_jpg.rf.e3a7597a00735c33209fcd5a6b6ca3fd.jpg,640,480
television,610,0,30,250,frame_1743592096915361781_jpg.rf.e3a7597a00735c33209fcd5a6b6ca3fd.jpg,640,480
human,437,168,78,113,frame_1743592096915361781_jpg.rf.e3a7597a00735c33209fcd5a6b6ca3fd.jpg,640,480
human,7,187,110,212,frame_1743592096915361781_jpg.rf.e3a7597a00735c33209fcd5a6b6ca3fd.jpg,640,480
vase,122,273,29,35,frame_1743592096915361781_jpg.rf.e3a7597a00735c33209fcd5a6b6ca3fd.jpg,640,480
table,70,294,130,128,frame_1743592096915361781_jpg.rf.e3a7597a00735c33209fcd5a6b6ca3fd.jpg,640,480
bottled water,155,277,8,30,frame_1743592096915361781_jpg.rf.e3a7597a00735c33209fcd5a6b6ca3fd.jpg,640,480
bottled water,161,278,8,29,frame_1743592096915361781_jpg.rf.e3a7597a00735c33209fcd5a6b6ca3fd.jpg,640,480
bottled water,168,279,14,28,frame_1743592096915361781_jpg.rf.e3a7597a00735c33209fcd5a6b6ca3fd.jpg,640,480
bottled water,182,281,8,25,frame_1743592096915361781_jpg.rf.e3a7597a00735c33209fcd5a6b6ca3fd.jpg,640,480
bottled drinks,189,289,8,17,frame_1743592096915361781_jpg.rf.e3a7597a00735c33209fcd5a6b6ca3fd.jpg,640,480
bottled drinks,197,281,11,26,frame_1743592096915361781_jpg.rf.e3a7597a00735c33209fcd5a6b6ca3fd.jpg,640,480
pot,208,283,31,25,frame_1743592096915361781_jpg.rf.e3a7597a00735c33209fcd5a6b6ca3fd.jpg,640,480
human,217,70,326,409,frame_1743592045741097967_jpg.rf.268b805c0baa3241872631293be5c9a5.jpg,640,480
chair,240,383,301,97,frame_1743592045741097967_jpg.rf.268b805c0baa3241872631293be5c9a5.jpg,640,480
refrigerator,371,102,177,191,frame_1743591984228580054_jpg.rf.538528bfd7e85c8f606a194219eded6f.jpg,640,480
table,441,279,199,201,frame_1743591984228580054_jpg.rf.538528bfd7e85c8f606a194219eded6f.jpg,640,480
chair,400,329,89,151,frame_1743591984228580054_jpg.rf.538528bfd7e85c8f606a194219eded6f.jpg,640,480
bottled drinks,21,262,48,116,frame_1743591984228580054_jpg.rf.538528bfd7e85c8f606a194219eded6f.jpg,640,480
human,192,88,208,392,frame_1743591984228580054_jpg.rf.538528bfd7e85c8f606a194219eded6f.jpg,640,480
table,0,395,264,85,frame_1743591984228580054_jpg.rf.538528bfd7e85c8f606a194219eded6f.jpg,640,480
human,447,138,193,341,frame_1743592003247152077_jpg.rf.420a345b9124ff97d210fbc833bf04de.jpg,640,480
bed,375,246,264,234,frame_1743592003247152077_jpg.rf.420a345b9124ff97d210fbc833bf04de.jpg,640,480
bedside table,267,350,184,129,frame_1743592003247152077_jpg.rf.420a345b9124ff97d210fbc833bf04de.jpg,640,480
table,0,367,288,113,frame_1743592003247152077_jpg.rf.420a345b9124ff97d210fbc833bf04de.jpg,640,480
bottled water,8,311,29,74,frame_1743592003247152077_jpg.rf.420a345b9124ff97d210fbc833bf04de.jpg,640,480
bottled drinks,60,319,30,55,frame_1743592003247152077_jpg.rf.420a345b9124ff97d210fbc833bf04de.jpg,640,480
bottled water,38,319,23,61,frame_1743592003247152077_jpg.rf.420a345b9124ff97d210fbc833bf04de.jpg,640,480
pot,79,323,45,37,frame_1743592003247152077_jpg.rf.420a345b9124ff97d210fbc833bf04de.jpg,640,480
vase,198,307,40,51,frame_1743592003247152077_jpg.rf.420a345b9124ff97d210fbc833bf04de.jpg,640,480
microwave oven,74,162,213,146,frame_1743592100111481096_jpg.rf.63e77774bd2e8ac1bfa65e8d195665b6.jpg,640,480
toilet,388,340,144,139,frame_1743592100111481096_jpg.rf.63e77774bd2e8ac1bfa65e8d195665b6.jpg,640,480
television,432,16,99,241,frame_1743592100111481096_jpg.rf.63e77774bd2e8ac1bfa65e8d195665b6.jpg,640,480
human,285,180,88,182,frame_1743592100111481096_jpg.rf.63e77774bd2e8ac1bfa65e8d195665b6.jpg,640,480
washing machine,25,320,299,160,frame_1743592100111481096_jpg.rf.63e77774bd2e8ac1bfa65e8d195665b6.jpg,640,480
bottled drinks,17,288,13,31,frame_1743592100111481096_jpg.rf.63e77774bd2e8ac1bfa65e8d195665b6.jpg,640,480
bottled drinks,30,286,15,35,frame_1743592100111481096_jpg.rf.63e77774bd2e8ac1bfa65e8d195665b6.jpg,640,480
pot,48,289,19,20,frame_1743592100111481096_jpg.rf.63e77774bd2e8ac1bfa65e8d195665b6.jpg,640,480
microwave oven,213,146,263,176,frame_1743592090443933696_jpg.rf.fd825bfa31cc76bf04d000ed61b823f9.jpg,640,480
washing machine,189,308,332,171,frame_1743592090443933696_jpg.rf.fd825bfa31cc76bf04d000ed61b823f9.jpg,640,480
human,0,189,98,223,frame_1743592090443933696_jpg.rf.fd825bfa31cc76bf04d000ed61b823f9.jpg,640,480
vase,83,213,80,93,frame_1743592090443933696_jpg.rf.fd825bfa31cc76bf04d000ed61b823f9.jpg,640,480
table,61,297,181,126,frame_1743592090443933696_jpg.rf.fd825bfa31cc76bf04d000ed61b823f9.jpg,640,480
bottled water,153,276,10,44,frame_1743592090443933696_jpg.rf.fd825bfa31cc76bf04d000ed61b823f9.jpg,640,480
bottled water,164,279,20,40,frame_1743592090443933696_jpg.rf.fd825bfa31cc76bf04d000ed61b823f9.jpg,640,480
bottled drinks,191,285,10,30,frame_1743592090443933696_jpg.rf.fd825bfa31cc76bf04d000ed61b823f9.jpg,640,480
bottled drinks,202,285,7,32,frame_1743592090443933696_jpg.rf.fd825bfa31cc76bf04d000ed61b823f9.jpg,640,480
human,138,126,327,331,frame_1743592005369547835_jpg.rf.4010341fda02082ceec730890fcd1ef7.jpg,640,480
bed,57,219,583,261,frame_1743592005369547835_jpg.rf.4010341fda02082ceec730890fcd1ef7.jpg,640,480
bedside table,1,387,128,92,frame_1743592005369547835_jpg.rf.4010341fda02082ceec730890fcd1ef7.jpg,640,480
television,382,5,258,249,frame_1743592005369547835_jpg.rf.4010341fda02082ceec730890fcd1ef7.jpg,640,480
human,231,73,309,407,frame_1743592045344218850_jpg.rf.c8320378aeba1f2d2df9705292084236.jpg,640,480
chair,262,368,262,112,frame_1743592045344218850_jpg.rf.c8320378aeba1f2d2df9705292084236.jpg,640,480
table,323,316,317,163,frame_1743592036125061684_jpg.rf.9416bf1ae398a19d0807ce8e7f6e4430.jpg,640,480
chair,265,302,121,104,frame_1743592036125061684_jpg.rf.9416bf1ae398a19d0807ce8e7f6e4430.jpg,640,480
chair,72,316,171,163,frame_1743592036125061684_jpg.rf.9416bf1ae398a19d0807ce8e7f6e4430.jpg,640,480
human,48,155,227,317,frame_1743592036125061684_jpg.rf.9416bf1ae398a19d0807ce8e7f6e4430.jpg,640,480
toilet,330,336,155,144,frame_1743592101718106642_jpg.rf.f1b7e82cb4b0513a0f2ccc40a45d3218.jpg,640,480
microwave oven,28,158,213,158,frame_1743592101718106642_jpg.rf.f1b7e82cb4b0513a0f2ccc40a45d3218.jpg,640,480
refrigerator,0,296,290,184,frame_1743592101718106642_jpg.rf.f1b7e82cb4b0513a0f2ccc40a45d3218.jpg,640,480
microwave oven,313,185,179,112,frame_1743592109918791264_jpg.rf.628f90d07efdb75d8826c10667b9c4a6.jpg,640,480
washing machine,302,297,225,183,frame_1743592109918791264_jpg.rf.628f90d07efdb75d8826c10667b9c4a6.jpg,640,480
toilet,567,344,73,135,frame_1743592109918791264_jpg.rf.628f90d07efdb75d8826c10667b9c4a6.jpg,640,480
table,152,302,139,106,frame_1743592109918791264_jpg.rf.628f90d07efdb75d8826c10667b9c4a6.jpg,640,480
vase,195,283,20,20,frame_1743592109918791264_jpg.rf.628f90d07efdb75d8826c10667b9c4a6.jpg,640,480
human,53,192,122,224,frame_1743592109918791264_jpg.rf.628f90d07efdb75d8826c10667b9c4a6.jpg,640,480
sofa,0,259,174,138,frame_1743592109918791264_jpg.rf.628f90d07efdb75d8826c10667b9c4a6.jpg,640,480
table,0,307,107,173,frame_1743592109918791264_jpg.rf.628f90d07efdb75d8826c10667b9c4a6.jpg,640,480
bottled water,220,281,7,29,frame_1743592109918791264_jpg.rf.628f90d07efdb75d8826c10667b9c4a6.jpg,640,480
bottled water,225,285,8,26,frame_1743592109918791264_jpg.rf.628f90d07efdb75d8826c10667b9c4a6.jpg,640,480
bottled water,235,283,8,28,frame_1743592109918791264_jpg.rf.628f90d07efdb75d8826c10667b9c4a6.jpg,640,480
bottled water,245,282,7,26,frame_1743592109918791264_jpg.rf.628f90d07efdb75d8826c10667b9c4a6.jpg,640,480
bottled drinks,250,295,10,14,frame_1743592109918791264_jpg.rf.628f90d07efdb75d8826c10667b9c4a6.jpg,640,480
bottled drinks,260,282,9,31,frame_1743592109918791264_jpg.rf.628f90d07efdb75d8826c10667b9c4a6.jpg,640,480
pot,266,292,22,14,frame_1743592109918791264_jpg.rf.628f90d07efdb75d8826c10667b9c4a6.jpg,640,480
television,77,0,209,258,frame_1743592073695621764_jpg.rf.c042c30d5cb105806446201b4d0b5bb3.jpg,640,480
toilet,80,401,245,79,frame_1743592073695621764_jpg.rf.c042c30d5cb105806446201b4d0b5bb3.jpg,640,480
table,353,323,287,157,frame_1743592036333229053_jpg.rf.1bedc2c1ac78f53fa7527c2c6b581b04.jpg,640,480
chair,100,307,139,173,frame_1743592036333229053_jpg.rf.1bedc2c1ac78f53fa7527c2c6b581b04.jpg,640,480
chair,297,298,112,57,frame_1743592036333229053_jpg.rf.1bedc2c1ac78f53fa7527c2c6b581b04.jpg,640,480
human,70,159,200,310,frame_1743592036333229053_jpg.rf.1bedc2c1ac78f53fa7527c2c6b581b04.jpg,640,480
toilet,322,328,146,152,frame_1743592101238675409_jpg.rf.9711de6423ad97f464ff64a19d1e2ed2.jpg,640,480
microwave oven,55,167,199,143,frame_1743592101238675409_jpg.rf.9711de6423ad97f464ff64a19d1e2ed2.jpg,640,480
washing machine,25,299,294,181,frame_1743592101238675409_jpg.rf.9711de6423ad97f464ff64a19d1e2ed2.jpg,640,480
television,354,0,102,260,frame_1743592101238675409_jpg.rf.9711de6423ad97f464ff64a19d1e2ed2.jpg,640,480
human,239,184,61,110,frame_1743592101238675409_jpg.rf.9711de6423ad97f464ff64a19d1e2ed2.jpg,640,480
television,331,9,184,250,frame_1743592082440479685_jpg.rf.b2e9eda70350aa5cff02856b8a96d0ff.jpg,640,480
toilet,317,374,212,105,frame_1743592082440479685_jpg.rf.b2e9eda70350aa5cff02856b8a96d0ff.jpg,640,480
microwave oven,0,49,199,323,frame_1743592082440479685_jpg.rf.b2e9eda70350aa5cff02856b8a96d0ff.jpg,640,480
washing machine,0,359,305,120,frame_1743592082440479685_jpg.rf.b2e9eda70350aa5cff02856b8a96d0ff.jpg,640,480
